Nama SPKLU,Alamat,Waktu Operasi,Jam Buka,Jarak,Konektor,Charging Slots,Ketersediaan,Timestamp
SPKLU PLN ULP JANTHO,"Jl. Jenderal Sudirman, Jantho, Aceh Besar, Aceh",Buka 24 Jam,5.00,884.89 km,1/1 Konektor Tersedia,"('22 kW',)","(1,)",2025-05-17 16:49:04
SPKLU PLN ULP MARTAPURA,"Kota Baru , Martapura, kab. Ogan Komering Ulu Timur, Sumatra Selatan  32311",Buka 24 Jam,0.00,566.42 km,1/1 Konektor Tersedia,"('22 kW',)","(1,)",2025-05-17 16:01:39
SPKLU Bioskop NSCXMeirobie Belitung,"Jl. Pilang Dukong, Dukong, Kec. Tj. Pandan, Kabupaten Belitung, Kepulauan Bangka Belitung 33417",Buka 24 Jam,0.00,757.45 km,1/1 Konektor Tersedia,"('22 kW',)","(1,)",2025-05-17 16:16:07
SPKLU Rest Area KM 20 A Tol Bakauheni-Terbanggi Besar,"Rest Area KM 20 A Tol Bakauheni-Terbanggi Besar, Kuripan, Kec. Penengahan, Kabupaten Lampung Selatan, Lampung 35592",Buka 24 Jam,4.85,773.47 km,3/3 Konektor Tersedia,"('22 kW',)","(1,)",2025-05-17 16:18:27
SPKLU Alun-Alun Rangkasbitung,"Jl. Alun-alun Rangkasbitung, Lebak Banten",Buka 24 Jam,3.50,868.30 km,1/1 Konektor Tersedia,"('7 kW',)","(1,)",2025-05-17 16:31:04
SPKLU HOTEL MARRIOTT RESORT LAMPUNG,"Jl. Pantai Mutun, Hurun, Kec. Padang Cermin, Kabupaten Pesawaran, Lampung",Buka 24 Jam,1.67,727.63 km,2/2 Konektor Tersedia,"('22 kW', '22 kW')","(1, 1)",2025-05-17 16:13:04
SPKLU Mobile Anyer,"Jl. Raya Anyer-Sirih No.20, Anyar, Kec. Anyar, Kabupaten Serang, Banten 42166",Buka 24 Jam,4.11,818.85 km,2/2 Konektor Tersedia,"('22 kW', '25 kW')","(1, 1)",2025-05-17 16:20:58
SPKLU PLN UP3 PEKANBARU,Jl. DR Setia Budhi No 57 Pekanbaru,Buka 24 Jam,4.81,91.26 km,2/3 Konektor Tersedia,"('50 kW', '50 kW', '22 kW')","(1, 1, 0)",2025-05-17 15:17:40
SPKLU Bali Resort Sepatan,"Jl. Raya Mauk, Sepatan, Kec. Sepatan, Kab. Tangerang, Banten",Buka 24 Jam,5.00,872.20 km,1/1 Konektor Tersedia,"('22 kW',)","(1,)",2025-05-17 16:33:54
SPKLU WIKA RANGKASBITUNG,"Jl. Tol Serang - Panimbang , Kadu Agung Tengah, Kec Cibadak Kabupaten Lebak Banten",Buka 24 Jam,4.94,865.58 km,1/1 Konektor Tersedia,"('22 kW',)","(1,)",2025-05-17 16:29:30
SPKLU PLN ULP LANGSA KOTA,"Jl. Jend. A.Yani No.6, Kota Langsa, Aceh 24375",Buka 24 Jam,3.00,642.74 km,1/1 Konektor Tersedia,"('7 kW',)","(1,)",2025-05-17 16:06:59
SPKLU CLUSTER DAMAR,"Jalan Lingkar Luar Bukit Golf Mediteranian No.1, Kamal Muara, Jakarta Utara, Daerah Khusus Ibukota Jakarta",Buka 24 Jam,5.00,884.16 km,4/4 Konektor Tersedia,"('22 kW', '22 kW', '22 kW', '22 kW')","(1, 1, 1, 1)",2025-05-17 16:48:13
SPKLU REST AREA  KM 360 KERAMASAN,"Rest Area Km. 360 Ruas Tol Terpeka, Pemulutan Ilir, Pemulutan, Ogan Ilir Regency, South Sumatra 30653",Buka 24 Jam,4.94,498.14 km,2/3 Konektor Tersedia,"('22 kW', '60 kW', '60 kW')","(0, 1, 1)",2025-05-17 15:52:21
SPKLU SPBU KEBON NANAS,"Jl. MH. Thamrin, RT.001/RW.001, Panunggangan Utara, Kec. Pinang, Kota Tangerang, Banten 15143",Buka 24 Jam,4.00,884.07 km,2/2 Konektor Tersedia,"('7 kW', '22 kW')","(1, 1)",2025-05-17 16:47:51
SPKLU PLN UP3 PAYAKUMBUH,"Jl. Raya Bukittinggi - Payakumbuh 48, Daya Bangun, Kec. Payakumbuh Bar., Kota Payakumbuh, Sumatera Barat 26218",Buka 24 Jam,4.69,75.28 km,3/3 Konektor Tersedia,"('50 kW', '50 kW', '22 kW')","(1, 1, 1)",2025-05-17 15:11:48
SPKLU BANDARA CITY MALL,"Jl. Wijaya Kusuma 3 No. 21 Dadap, Kec. Kosambi, Kabupaten Tangerang, Banten",Buka 24 Jam,2.59,878.45 km,2/2 Konektor Tersedia,"('25 kW', '22 kW')","(1, 1)",2025-05-17 16:39:46
SPKLU PLN ULP RIMBO BUJANG,"Jl. Pahlawan, Unit 2, Wirotho Agung, Kec. Rimbo Bujang, Kabupaten Tebo, Jambi 37253",Buka 24 Jam,0.00,145.25 km,1/1 Konektor Tersedia,"('22 kW',)","(1,)",2025-05-17 15:27:29
SPKLU PLN UJUNG GADING,"JL. NUSANTARA BARAT, Ujung Gading, Lembah Malintang, West Pasaman Regency, West Sumatra 26572",Buka 24 Jam,0.00,204.16 km,1/1 Konektor Tersedia,"('22 kW',)","(1,)",2025-05-17 15:30:22
SPKLU REST AREA 56B TOL Palembang - Prabumulih,"Ruas TOL Palembang - Prabumulih, Kabupaten Ogan Ilir, Sumatera Selatan",Buka 24 Jam,3.00,495.44 km,1/1 Konektor Tersedia,"('22 kW',)","(1,)",2025-05-17 15:51:51
SPKLU Gallery Marketing Bumi Indah,"Jl. Raya Bumi Indah No.1, Gelam Jaya, Pasar Kemis, Kab. Tangerang",Buka 24 Jam,4.21,874.45 km,2/2 Konektor Tersedia,"('22 kW', '22 kW')","(1, 1)",2025-05-17 16:34:42
SPKLU PLN UP3 TANJUNGPINANG,"Jalan Bakar Batu, Kelurahan Kemboja, Kecamatan Tanjung Pinang Barat Kota Tanjungpinang Provinsi Kepulauan Riau",Buka 24 Jam,4.64,374.10 km,2/2 Konektor Tersedia,"('22 kW', '4 kW')","(1, 1)",2025-05-17 15:38:04
SPKLU TRANSMART SERANG,"Jl. Jendral Achmad Yani No. 196 - 198, Sumur Pecung,  Kec Serang, Kota Serang,  Banten",Buka 24 Jam,3.17,842.68 km,2/2 Konektor Tersedia,"('22 kW', '22 kW')","(1, 1)",2025-05-17 16:24:54
SPKLU PLN ULP LIMA PULUH KOTA,"Koto Tuo, Kec. Harau, Kabupaten Lima Puluh Kota, Sumatera Barat 26271",Buka 24 Jam,0.00,73.16 km,1/1 Konektor Tersedia,"('22 kW',)","(1,)",2025-05-17 15:10:05
SPKLU PLN ULP AIR MOLEK,"Jl Sultan Ibrahim, Candirejo, Kec. Pasir Penyu, Kabupaten Indragiri Hulu, Riau",Buka 24 Jam,5.00,110.07 km,1/1 Konektor Tersedia,"('30 kW',)","(1,)",2025-05-17 15:20:26
SPKLU Sungai Pinyuh,"Jl. Pontianak – Sei Pinyuh, Kec Sungai Pinyuh, Kab Mempawah, Kalimantan Barat",Buka 24 Jam,1.00,866.89 km,1/1 Konektor Tersedia,"('22 kW',)","(1,)",2025-05-17 16:29:51
SPKLU PLN ULP CURUP,"Jl. Ahmad Yani No.77, Sukaraja, Kec. Curup Timur, Kabupaten Rejang Lebong, Bengkulu 39119",Buka 24 Jam,5.00,377.97 km,1/1 Konektor Tersedia,"('22 kW',)","(1,)",2025-05-17 15:38:49
SPKLU Kantor Gubernur Provinsi Riau,"Jl. Jend. Sudirman No.460, Jadirejo, Kec. Sukajadi, Kota Pekanbaru, Riau 28121",Buka 24 Jam,4.48,89.05 km,1/2 Konektor Tersedia,"('A CCS2', 'B CCS2')","(0, 1)",2025-05-17 15:17:14
SPKLU PLN Kantor Jaga Sijuk,"Jl. Sekolah RT 002 RW 001 Desa Sijuk, Kabupaten Belitung, Kepulauan Bangka Belitung 33414",Buka 24 Jam,0.00,762.68 km,1/1 Konektor Tersedia,"('22 kW',)","(1,)",2025-05-17 16:17:52
SPKLU Terrace 9A Suvarna Sutera,"Jl. Suvarna Jati Barat, Warna Kerta, Sindang Jaya, Kab. Tangerang, Banten",Buka 24 Jam,4.64,870.76 km,1/1 Konektor Tersedia,"('22 kW',)","(1,)",2025-05-17 16:32:07
SPKLU PLN UP3 RENGAT,"Jl. Lintas Timur, Desa Sungai Dawu, Kec. Rengat Barat - Indragiri Hulu",Buka 24 Jam,4.76,126.54 km,2/2 Konektor Tersedia,"('A CCS2', 'B CCS2')","(1, 1)",2025-05-17 15:22:40
SPKLU PLN UP3 JAMBI,"Jl. Urip Sumoharjo No. 02, Telanaipura, Kota Jambi",Buka 24 Jam,4.92,294.04 km,4/4 Konektor Tersedia,"('22 kW', '60 kW', '60 kW', '22 kW')","(1, 1, 1, 1)",2025-05-17 15:34:06
SPKLU PLN ULP TOBOALI,"Jl. Puput No. 001 Toboali, Kabupaten Bangka Selatan, Kepulauan Bangka Belitung 33783",Buka 24 Jam,5.00,649.19 km,3/3 Konektor Tersedia,"('22 kW', '50 kW', '50 kW')","(1, 1, 1)",2025-05-17 16:07:47
SPKLU HOTEL MERCURE BENGKULU,"Jl. S. Parman No.27, Padang Jati, Kec. Ratu Samban, Kota Bengkulu, Provinsi Bengkulu 38227",Buka 24 Jam,5.00,404.39 km,1/1 Konektor Tersedia,"('22 kW',)","(1,)",2025-05-17 15:40:54
SPKLU POSKO YANTEK BELILAS,"Jln Lintas Sumatera, Pangkalan Kasai, Kabupaten Indragiri Hulu, Riau",Buka 24 Jam,5.00,126.92 km,1/1 Konektor Tersedia,"('30 kW',)","(1,)",2025-05-17 15:23:46
SPKLU Grand Batavia,"Puri Jaya Batavia Jl. Raya Cadas - Kukun, Sindangsari, Pasar Kemis, Kabupaten Tangerang",Buka 24 Jam,4.69,871.00 km,1/1 Konektor Tersedia,"('4 kW',)","(1,)",2025-05-17 16:33:12
SPKLU PLN ULP PANAM,Jl. HR Soebrantas No Km Rw 12 Simpang Baru.Kecamatan Tampan Kota Pekanbaru Riau,Buka 24 Jam,0.00,82.24 km,1/1 Konektor Tersedia,"('22 kW',)","(1,)",2025-05-17 15:14:08
SPKLU SWISS-BELHOTEL JAMBI,"Jl. Prof. Dr Jl. Sumantri Brojonegoro No.1, Solok Sipin, Kecamatan Danau Sipin, Kota Jambi, Jambi 36121",Buka 24 Jam,4.33,294.68 km,1/1 Konektor Tersedia,"('22 kW',)","(1,)",2025-05-17 15:34:32
SPKLU PLN ULP MUARA BELITI,"Desa Muara Beliti Baru, Muara Beliti, Kab.Musi Rawas  Sumsel  31661",Buka 24 Jam,0.00,379.21 km,1/1 Konektor Tersedia,"('22 kW',)","(1,)",2025-05-17 15:39:05
SPKLU THE TRADERS MEDAN,"Jl. Kapten Patimura No.423, Darat, Kec. Medan Baru, Kota Medan, Sumatera Utara 20153",Buka 24 Jam,5.00,517.31 km,1/1 Konektor Tersedia,"('22 kW',)","(1,)",2025-05-17 15:54:33
SPKLU PLN UP3 OGAN ILIR,"Jalan Timbangan, Kec. Indralaya Utara, Kab.Ogan Ilir ,Sumatera Selatan",Buka 24 Jam,4.33,494.17 km,1/1 Konektor Tersedia,"('22 kW',)","(1,)",2025-05-17 15:51:10
SPKLU WARKOP PAPA,"Jl. Hamidah No. 67 Batin Tikal, Kota Pangkal Pinang, Kepulauan Bangka Belitung",Buka 24 Jam,5.00,572.41 km,1/1 Konektor Tersedia,"('22 kW',)","(1,)",2025-05-17 16:03:17
SPKLU PLN KP RAO,"Jl. Kp. Jawa, Taruang Taruang, Kec. Rao, Kabupaten Pasaman, Sumatera Barat 26353",Buka 24 Jam,5.00,170.67 km,1/1 Konektor Tersedia,"('22 kW',)","(1,)",2025-05-17 15:28:50
SPKLU PLN CLUSTER CENDANA,"Cluster Cendana, Bukit Golf Mediterania",Buka 24 Jam,0.00,884.28 km,3/3 Konektor Tersedia,"('22 kW', '22 kW', '22 kW')","(1, 1, 1)",2025-05-17 16:48:37
SPKLU Summarecon Tangerang Marketing Gallery,"Jl. Bulevard Raya BLR 001, Summarecon, Tangerang, Kabupaten Tangerang, Banten 15810",Buka 24 Jam,0.00,879.52 km,2/2 Konektor Tersedia,"('22 kW', '22 kW')","(1, 1)",2025-05-17 16:40:33
SPKLU Apartemen Annora Living,"Jl Jendral Sudirman No.9, Babakan, Tangerang, Sukasari, Kecamatan Tangerang, RT.005/RW.013, Sukasari, Kec. Tangerang, Kota Tangerang, Banten 15118",Buka 24 Jam,5.00,882.28 km,2/2 Konektor Tersedia,(),(),2025-05-17 16:44:35
SPKLU PLN MESJID SYUHADA PALANGKI,"Simpang 4 palangki, Koto Baru, Kec. IV Nagari, Kabupaten Sijunjung, Sumatera Barat 27564",Buka 24 Jam,5.00,66.46 km,1/1 Konektor Tersedia,"('22 kW',)","(1,)",2025-05-17 15:09:39
SPKLU PLN ULP Tanjungpinang Kota,"Jalan Ir Sutami, Kelurahan Tanjung Pinang Timur, Kecamatan Bukit Bestari Kota Tanjungpinang Provinsi Kepulauan Riau",Buka 24 Jam,5.00,374.44 km,2/2 Konektor Tersedia,"('22 kW', '4 kW')","(1, 1)",2025-05-17 15:38:18
"SPKLU REST AREA KM-87B NATAR, LAMPUNG SELATAN","Rest Area KM 87B Natar, Lampung Selatan, Lampung",Buka 24 Jam,3.72,710.27 km,3/3 Konektor Tersedia,"('A CCS2', 'B CCS2', '4 kW')","(1, 1, 1)",2025-05-17 16:09:53
SPKLU PLN ULP CALANG,"Desa Bahagia, Kec. Krueng Sabee, Kabupaten Aceh Jaya, Aceh 23655",Buka 24 Jam,5.00,836.73 km,1/1 Konektor Tersedia,"('22 kW',)","(1,)",2025-05-17 16:22:50
SPKLU PLN ULP NUSA INDAH,"Jl. Pangeran Natadirja No.65, Jl. Gedang, Kec. Gading Cempaka, Kota Bengkulu, Bengkulu 38225",Buka 24 Jam,0.00,407.44 km,1/1 Konektor Tersedia,"('22 kW',)","(1,)",2025-05-17 15:41:20
SPKLU PLN ULP PEMANGKAT,"Jl. Moh. Hambal, Pemangkat Kota, Kec. Pemangkat, Kabupaten Sambas, Kalimantan Barat 79453",Buka 24 Jam,5.00,868.58 km,1/1 Konektor Tersedia,"('7 kW',)","(1,)",2025-05-17 16:31:21
SPKLU PLN ULP MUARA LABUH,"Jalan Batang Lawe, Muara Labuh, Pasir Talang Bar., Kec. Sungai Pagu, Kabupaten Solok Selatan, Sumatera Barat 27776",Buka 24 Jam,0.00,135.73 km,1/1 Konektor Tersedia,"('22 kW',)","(1,)",2025-05-17 15:25:35
SPKLU PLN ULP STABAT,"Jl. Proklamasi, Kwala Bingai, Kec. Stabat, Kabupaten Langkat, Sumatera Utara 20811",Buka 24 Jam,5.00,546.63 km,1/1 Konektor Tersedia,"('22 kW',)","(1,)",2025-05-17 16:00:45
SPKLU PELABUHAN BAKAUHENI,"Bakauheni, Kabupaten Lampung Selatan, Lampung",Buka 24 Jam,5.00,791.74 km,2/2 Konektor Tersedia,"('22 kW', '22 kW')","(1, 1)",2025-05-17 16:18:51
SPKLU PLN UP3 SOLOK,"Jl. Prof Dr Hamka, Kota Solok, Sumatera Barat",Buka 24 Jam,4.86,92.91 km,3/3 Konektor Tersedia,"('22 kW',)","(1,)",2025-05-17 15:18:06
SPKLU PLN ULP LUBUK BASUNG,"Lubuk Basung, Kec. Lubuk Basung, Kabupaten Agam, Sumatera Barat 26452",Buka 24 Jam,0.00,141.71 km,1/1 Konektor Tersedia,"('22 kW',)","(1,)",2025-05-17 15:26:37
SPKLU AZ-KO,"Jl Raya Citra, Tegal Alur, Kota Jakarta Barat, Daerah Khusus Ibukota Jakarta",Buka 24 Jam,5.00,882.80 km,2/3 Konektor Tersedia,"('22 kW', '22 kW', '22 kW')","(1, 1, 0)",2025-05-17 16:46:06
SPKLU PLN ULP TARUTUNG,"Jl. Guru Mangaloksa No.113, Hutauruk, Kec. Tarutung, Kabupaten Tapanuli Utara, Sumatera Utara 22452",Buka 24 Jam,5.00,364.85 km,1/1 Konektor Tersedia,"('22 kW',)","(1,)",2025-05-17 15:37:44
SPKLU PLN UP3 TELUKNAGA,"JL. Raya Mauk, Sepatan, Tangerang, Banten, 15520, Indonesia",Buka 24 Jam,5.00,870.92 km,2/2 Konektor Tersedia,"('7 kW', '22 kW')","(1, 1)",2025-05-17 16:32:56
PLN UPDK JAMBI,"‎‎Jl. Dokter Setia Budi ,Rajawali, Kec. Jambi Tim., Kota Jambi, Jambi 36143",Buka 24 Jam,0.00,295.94 km,1/1 Konektor Tersedia,"('22 kW',)","(1,)",2025-05-17 15:35:04
SPKLU SUMUT SPORT CENTRE ASTAKA,"Jl. Williem Iskandar No.9, Kenangan Baru, Kec. Percut Sei Tuan, Kabupaten Deli Serdang, Sumatera Utara 20371",Buka 24 Jam,4.56,517.76 km,2/2 Konektor Tersedia,"('25 kW', '22 kW')","(1, 1)",2025-05-17 15:55:41
SPKLU KAPEL KRUI,"Labuhan Jukung, Krui, Kp. Jawa, Kec. Pesisir Tengah, Kabupaten Pesisir Barat, Lampung 34874",Buka 24 Jam,0.00,616.76 km,1/1 Konektor Tersedia,"('22 kW',)","(1,)",2025-05-17 16:05:46
SPKLU PLN TRANSMART PADANG,"Jl. Khatib Sulaiman No.85, Ulak Karang Sel., Kec. Padang Utara, Kota Padang, Sumatera Barat 25137",Buka 24 Jam,5.00,126.87 km,2/2 Konektor Tersedia,"('22 kW', '22 kW')","(1, 1)",2025-05-17 15:23:36
SPKLU UJP Rest Area KM 45B Merak - Jakarta,"Jalan Tol Tangerang Merak KM 45, DS Pabuaran Kec. Jayanti Kab. Tangerang",Buka 24 Jam,4.55,865.11 km,5/5 Konektor Tersedia,"('160 kW', '160 kW', '60 kW', '60 kW', '22 kW')","(1, 1, 1, 1, 1)",2025-05-17 16:29:04
SPKLU PLN ULP SAROLANGUN,"Jl. Abdul Manaf No.60, Ps. Sarolangun, Kec. Sarolangun, Kabupaten Sarolangun, Jambi",Buka 24 Jam,5.00,273.74 km,1/1 Konektor Tersedia,"('22 kW',)","(1,)",2025-05-17 15:32:55
SPKLU ALOHA PIK 2,"Jl. Laksamana Yos Sudarsono PIK 2, Dadap, Kec. Kosambi, Kabupaten Tangerang, Banten",Buka 24 Jam,4.45,878.61 km,3/7 Konektor Tersedia,"('22 kW', '22 kW', '22 kW', '100 kW', '100 kW', 'A CCS2', 'B CCS2')","(1, 1, 1, 0, 0, 0, 0)",2025-05-17 16:40:19
SPKLU Cafe Monocsky,"Jl. Pramuka, Lembah Sari, Kota Pekanbaru, Riau",Buka 24 Jam,5.00,96.27 km,1/1 Konektor Tersedia,"('22 kW',)","(1,)",2025-05-17 15:18:32
SPKLU Ashta Arcade Blok A,"Jl. Raya Rajeg, Sindang Panon, Sindang Jaya, Kab. Tangerang, Banten",Buka 24 Jam,0.00,872.01 km,1/1 Konektor Tersedia,"('22 kW',)","(1,)",2025-05-17 16:33:38
SPKLU UCI BENY Angke Heritage PIK 2,"Jl. M.H Thamrin Kav DJ-09, Salembaran, Kec. Kosambi, Kabupaten Tangerang, Banten 15214",Buka 24 Jam,4.67,875.83 km,2/3 Konektor Tersedia,"('22 kW', '120 kW', '120 kW')","(1, 1, 0)",2025-05-17 16:36:17
SPKLU Ashta Arcade Blok B,"Jl. Raya Rajeg, Sindang Panon, Sindang Jaya, Kab. Tangerang, Banten",Buka 24 Jam,5.00,871.87 km,1/1 Konektor Tersedia,"('22 kW',)","(1,)",2025-05-17 16:33:27
SPKLU PLN WARONG ESSY,"Sungai Rumbai Tim., Kec. Sungai Rumbai, Kabupaten Dharmasraya, Sumatera Barat 27684",Buka 24 Jam,0.00,115.16 km,1/1 Konektor Tersedia,"('22 kW',)","(1,)",2025-05-17 15:20:52
SPKLU Paramount Petals Club House,"Jl. Boulevard Paramount Petals, Cukang Galih, Tangerang Regency, Banten",Buka 24 Jam,3.57,881.09 km,1/1 Konektor Tersedia,"('22 kW',)","(1,)",2025-05-17 16:41:55
SPKLU PLN ULP BANGKO,"Jalan Kesehatan, Pematang Kandis Kec. Bangko Kab.Merangin Jambi",Buka 24 Jam,5.00,224.89 km,1/1 Konektor Tersedia,"('22 kW',)","(1,)",2025-05-17 15:31:50
SPKLU Taman Merdeka Kota Metro,"Jl. AH Nasution, Imopuro, Kec. Metro Pusat, Kota Metro, Lampung",Buka 24 Jam,4.72,695.77 km,1/1 Konektor Tersedia,"('7 kW',)","(1,)",2025-05-17 16:09:08
SPKLU PLN ULP AMPERA,"Jl. Gub. H.A. Bastari  Jakabaring, Palembang, Sumatera Selatan",Buka 24 Jam,4.88,490.37 km,1/1 Konektor Tersedia,"('7 kW',)","(1,)",2025-05-17 15:50:30
SPKLU PLN ULP MANNA,"JL. Fatmawati,Kampung Baru, Kec. Kota Manna, Kabupaten Bengkulu Selatan, Bengkulu",Buka 24 Jam,0.00,494.94 km,1/1 Konektor Tersedia,"('22 kW',)","(1,)",2025-05-17 15:51:36
SPKLU PLN UIW S2JB Rivai,Jalan Kapt. Arivai no. 37 Palembang,Buka 24 Jam,3.45,485.85 km,2/2 Konektor Tersedia,"('25 kW', '22 kW')","(1, 1)",2025-05-17 15:48:11
SPKLU PLN ULP PARAPAT,"Jl. Bangun Dolok Nomor 14 Girsang Sipangan Bolon, Simalungun, Sumatera Utara",Buka 24 Jam,4.29,418.44 km,5/5 Konektor Tersedia,"('22 kW', '25 kW', '25 kW', '50 kW', '50 kW')","(1, 1, 1, 1, 1)",2025-05-17 15:42:09
SPKLU PLN MK CAR WASH,"Jl. Lintas Utama Sumatera No.km 3, Sungai Rumbai, Kec. Sungai Rumbai, Kabupaten Dharmasraya, Sumatera Barat 27684",Buka 24 Jam,5.00,113.16 km,3/3 Konektor Tersedia,"('50 kW', '50 kW', '22 kW')","(1, 1, 1)",2025-05-17 15:20:41
SPKLU BANK SUMUT IMAM BONJOL,"Jl. Imam Bonjol No.18, Madras Hulu, Kec. Medan Polonia, Kota Medan, Sumatera Utara 20212",Buka 24 Jam,5.00,517.37 km,1/1 Konektor Tersedia,"('22 kW',)","(1,)",2025-05-17 15:54:49
SPKLU (ARISTA POWER) MERCEDES BENZ ARISTA MEDAN,"Jl. T. Amir Hamzah No.49, Sei Agul, Kec. Medan Bar., Kota Medan, Sumatera Utara 20117",Buka 24 Jam,4.91,520.51 km,1/2 Konektor Tersedia,(),(),2025-05-17 15:58:19
SPKLU REST AREA KM 306 PALEMBANG,Ruas Tol Terbangi Besar - Pematang Panggang  - Kayu Agung,Buka 24 Jam,4.48,540.01 km,3/3 Konektor Tersedia,"('22 kW', 'A CCS2', 'B CCS2')","(1, 1, 1)",2025-05-17 16:00:35
SPKLU PLN ULP PANGKALAN BALAI,"Pangkalan Balai, Banyuasin III, Kab. Banyuasin, Sumatera Selatan",Buka 24 Jam,3.50,450.29 km,0/1 Konektor Tersedia,"('22 kW',)","(0,)",2025-05-17 15:44:12
SPKLU WISMA UPDL SURALAYA,Jl. Suralaya – Salira - Kec. Puloampel - Kabupaten Serang - Banten,Buka 24 Jam,0.00,813.56 km,2/2 Konektor Tersedia,"('22 kW', '22 kW')","(1, 1)",2025-05-17 16:20:03
SPKLU KOLAM RENANG KELOK SIKABU,"Kelok Sikabu, Koto Tuo, Kec. Iv Koto, Kabupaten Agam, Sumatera Barat 26161",Buka 24 Jam,0.00,107.53 km,1/1 Konektor Tersedia,"('22 kW',)","(1,)",2025-05-17 15:20:00
SPKLU WING HUB KUALANAMU,"Komplek Hub, Kualanamu Hub Commercial Bizpark, Jl. Arteri Kualanamu No.9, Tumpatan Nibung, Kec. Batang Kuis, Kabupaten Deli Serdang, Sumatera Utara 20372",Buka 24 Jam,4.62,509.35 km,5/5 Konektor Tersedia,"('22 kW', '60 kW', '60 kW', '60 kW', '60 kW')","(1, 1, 1, 1, 1)",2025-05-17 15:53:25
SPKLU PT Indomobil Trada Nasional,"Jl. Pantai Indah Selatan No.1, Penjaringan, Jakarta Utara, DKI Jakarta 14460",Buka 24 Jam,4.77,885.84 km,1/4 Konektor Tersedia,"('22 kW', '22 kW', '25 kW', '25 kW')","(0, 1, 0, 0)",2025-05-17 16:50:45
SPKLU Rest Area KM 36 B Bangkinang - Pekanbaru,"Jl. Tol Pekanbaru - Bangkinang KM 36 B, Muara Jalai, Kec. Bangkinang, Kabupaten Kampar, Riau 21184",Buka 24 Jam,1.00,81.14 km,2/3 Konektor Tersedia,"('50 kW', '50 kW', '22 kW')","(0, 0, 0)",2025-05-17 15:13:00
SPKLU SOLOK PREMIERE HOTEL SYARIAH,"Jl. Nasir Sutan Pamuncak, Ps. Pandan Air Mati, Kec. Tj. Harapan, Kota Solok, Sumatera Barat 27322",Buka 24 Jam,5.00,90.86 km,1/1 Konektor Tersedia,"('22 kW',)","(1,)",2025-05-17 15:17:24
SPKLU Flavor Bliss Suvarna Sutera,"Jl. Suvarna Sutera Blvd, Suka Harja, Kec. Sindang Jaya, Kabupaten Tangerang, Banten 15560",Buka 24 Jam,4.63,872.51 km,1/2 Konektor Tersedia,"('22 kW', '25 kW')","(1, 0)",2025-05-17 16:34:08
SPKLU PLN ULP SELAT PANJANG,"Jl.Yos sudarso., Kec. Tebing Tinggi, Kabupaten Kepulauan Meranti, Riau",Buka 24 Jam,0.00,211.81 km,1/1 Konektor Tersedia,"('22 kW',)","(1,)",2025-05-17 15:30:58
SPKLU PLN ULP LUBUK SIKAPING,"Jl. Ratulangi 13, Pauah, Kec. Lubuk Sikaping, Kabupaten Pasaman, Sumatera Barat 26318",Buka 24 Jam,5.00,134.47 km,1/1 Konektor Tersedia,"('22 kW',)","(1,)",2025-05-17 15:25:09
SPKLU LAMPUNG CITY MALL,"Jl. Yos Sudarso No.80, Bumi Waras, Kec. Bumi Waras, Kota Bandar Lampung",Buka 24 Jam,4.82,722.20 km,1/1 Konektor Tersedia,"('22 kW',)","(1,)",2025-05-17 16:12:45
SPKLU TRANSMART PEKANBARU B,"Jl. Musyawarah No.11, Labuh Baru Tim., Kec. Payung Sekaki, Kota Pekanbaru, Riau 28292",Buka 24 Jam,4.00,87.10 km,1/1 Konektor Tersedia,"('22 kW',)","(1,)",2025-05-17 15:16:33
SPKLU PLN GH LAHAT,"Jalan Kol. H.Burlian  Kel.Bandar Jaya Kec.Lahat Kabupaten Lahat, Sumatera Selatan 31412",Buka 24 Jam,4.92,460.86 km,3/3 Konektor Tersedia,"('22 kW', '50 kW', '50 kW')","(1, 1, 1)",2025-05-17 15:44:32
SPKLU PLN KP BONJOL,"Jalan Trans Sumatera Bukittinggi - Padang Sidempuan No. 93, Ganggo Hilia, Bonjol, Ganggo Mudiak, Kec. Bonjol, Kabupaten Pasaman, Sumatera Barat 26381",Buka 24 Jam,0.00,124.31 km,1/1 Konektor Tersedia,"('22 kW',)","(1,)",2025-05-17 15:22:09
SPKLU PLN ULP Tebing Tinggi,"Jl. Jend. Sudirman No.287, Badak Bejuang, Tebing Tinggi Kota, Sumatera Utara",Buka 24 Jam,4.70,465.21 km,5/5 Konektor Tersedia,"('22 kW', '25 kW', '25 kW', '50 kW', '50 kW')","(1, 1, 1, 1, 1)",2025-05-17 15:45:20
SPKLU PLN ULP LHOKSEUMAWE KOTA,"Jl. Malikussaleh No.1, Lancang Garam, Kec. Banda Sakti, Kota Lhokseumawe, Aceh 24351",Buka 24 Jam,5.00,760.38 km,0/1 Konektor Tersedia,"('7 kW',)","(0,)",2025-05-17 16:17:27
SPKLU PLN SENTRALAND MEDAN,"Jl. Nikel, Sukaramai II, Kec. Medan Area, Kota Medan, Sumatera Utara 20224",Buka 24 Jam,4.91,515.79 km,1/1 Konektor Tersedia,"('22 kW',)","(1,)",2025-05-17 15:54:18
SPKLU OPI MALL,"Jalan Gubernur H.A.Bastari, Sungai Kedukan, Kec. Rambutan Kab. Banyu Asin Provinsi Sumsel",Buka 24 Jam,5.00,493.47 km,1/2 Konektor Tersedia,"('22 kW', '30 kW')","(0, 1)",2025-05-17 15:50:44
SPKLU REST AREA KM 49-A LAMPUNG,"REST AREA KM 49A JL TRANS SUMATERA, LAMPUNG",Buka 24 Jam,3.94,745.25 km,2/2 Konektor Tersedia,"('A CCS2', 'B CCS2')","(1, 1)",2025-05-17 16:14:49
SPKLU PLN ULP INDARUNG,"Jl. Padang - Bengkulu, Batung Taba Nan XX, Kec. Lubuk Begalung, Kota Padang, Sumatera Barat 25154",Buka 24 Jam,5.00,127.10 km,1/1 Konektor Tersedia,"('22 kW',)","(1,)",2025-05-17 15:24:02
SPKLU Terrace 8 Suvarna Sutera,"Wana Kerta, Sindang Jaya, Tangerang Regency, Banten 15560",Buka 24 Jam,4.57,870.91 km,2/2 Konektor Tersedia,"('7 kW', '22 kW')","(1, 1)",2025-05-17 16:32:42
SPKLU PLN ULP KOTA BARAT,"Jl. Dirgantara Timur No.59, Sidomulyo Tim., Kec. Marpoyan Damai, Kota Pekanbaru, Riau 28289",Buka 24 Jam,5.00,84.43 km,1/1 Konektor Tersedia,"('22 kW',)","(1,)",2025-05-17 15:14:34
SPKLU PLN UP3 PADANGSIDIMPUAN,"Jl. Raja Inal Siregar No.11A, Batunadua Jae, Kec. Padangsidimpuan Batunadua, Kota Padang Sidempuan, Sumatera Utara 22733",Buka 24 Jam,5.00,292.19 km,2/2 Konektor Tersedia,"('30 kW', '22 kW')","(1, 1)",2025-05-17 15:33:52
SPKLU PLN ULP KOTANOPAN,"Jl. Lintas Medan, Padang Bulan, Kec. Kotanopan, Kabupaten Mandailing Natal, Sumatera Utara 22994",Buka 24 Jam,5.00,203.96 km,1/1 Konektor Tersedia,"('22 kW',)","(1,)",2025-05-17 15:30:06
SPKLU PLN ULP PANGKALAN KERINCI,"JL. Akasia, Pangkalan Kerinci Bar., Kec. Pangkalan Kerinci, Kabupaten Pelalawan, Riau",Buka 24 Jam,5.00,95.42 km,1/1 Konektor Tersedia,"('22 kW',)","(1,)",2025-05-17 15:18:16
SPKLU PLN ULP MEDAN TIMUR,"Jl. Durung, Sidorejo Hilir, Kec. Medan Tembung, Kota Medan, Sumatera Utara 20222",Buka 24 Jam,4.79,518.20 km,0/2 Konektor Tersedia,"('22 kW', '22 kW')","(0, 0)",2025-05-17 15:56:52
SPKLU KORDA ALUE BILIE,"Desa Tuwi Buya, Kec. Darul Makmur, Kabupaten Nagan Raya, Aceh 23662",Buka 24 Jam,0.00,711.36 km,1/1 Konektor Tersedia,"('22 kW',)","(1,)",2025-05-17 16:10:19
SPKLU KANTOR DINAS ESDM,"Jl. Angkatan 45 No.2440, Palembang, Sumatera Selatan",Buka 24 Jam,0.00,485.18 km,1/1 Konektor Tersedia,"('7 kW',)","(1,)",2025-05-17 15:47:52
SPKLU PLN ULP PRABUMULIH,"Jl. Diponegoro, Muara Dua, Kec. Prabumulih Timur,  Kota Prabumulih, Sumatera Selatan",Buka 24 Jam,5.00,477.96 km,1/1 Konektor Tersedia,"('22 kW',)","(1,)",2025-05-17 15:46:30
SPKLU PLN UIP SBS,"Jl. Residen Abdul Rozak, Palembang, Sumatera Selatan",Buka 24 Jam,5.00,487.17 km,1/1 Konektor Tersedia,"('7 kW',)","(1,)",2025-05-17 15:49:23
SPKLU PLN ULP PAGAR ALAM,"Jalan Ulu Rurah, Pagar Alam Selatan, Kota Pagar Alam, Sumatera Selatan",Buka 24 Jam,0.00,469.11 km,1/1 Konektor Tersedia,"('22 kW',)","(1,)",2025-05-17 15:45:36
SPKLU PLN ULP SEI RAMPAH,"Jl. Medan - Tebing Tinggi No.300, Firdaus, Kec. Sei Rampah, Kabupaten Serdang Bedagai, Sumatera Utara 20995",Buka 24 Jam,0.00,481.83 km,1/1 Konektor Tersedia,"('22 kW',)","(1,)",2025-05-17 15:46:46
SPKLU PLN ULP MUARA SABAK,"Jl‎. ‎Sultan Thaha‎, ‎Tanjung Jabung Timur‎, ‎36761‎",Buka 24 Jam,0.00,295.86 km,1/1 Konektor Tersedia,"('22 kW',)","(1,)",2025-05-17 15:34:48
SPKLU PLN RS SITI RAHMAH,"Jl. By Pass No.KM.15, Aie Pacah, Kec. Koto Tangah, Kota Padang, Sumatera Barat 25586",Buka 24 Jam,0.00,122.00 km,3/3 Konektor Tersedia,"('50 kW', '50 kW', '22 kW')","(1, 1, 1)",2025-05-17 15:21:53
SPKLU PLN UP3 CIKUPA,"Jl. Raya Serang , KM 17,2 Cikupa, Kabupaten Tangerang, Banten 15710",Buka 24 Jam,5.00,875.23 km,2/2 Konektor Tersedia,"('7 kW', '22 kW')","(1, 1)",2025-05-17 16:35:28
SPKLU PLN Kantor Jaga Kelapa Kampit,"Mayang, Kec. Klp. Kampit, Kabupaten Belitung Timur, Kepulauan Bangka Belitung",Buka 24 Jam,0.00,801.45 km,1/1 Konektor Tersedia,"('22 kW',)","(1,)",2025-05-17 16:19:23
PLN Kantor Jaga Belinyu,"Kuto Panji, Kec Belinyu (Kantor Jaga Belinyu) Kabupaten Bangka, Kepulauan Bangka Belitung",Buka 24 Jam,4.33,522.07 km,1/1 Konektor Tersedia,"('22 kW',)","(1,)",2025-05-17 15:59:05
SPKLU PLN REST AREA KM 65B,"Tanah Raja, Kec. Sei Rampah, Kabupaten Serdang Bedagai, Sumatera Utara 20986",Buka 24 Jam,5.00,489.04 km,1/2 Konektor Tersedia,"('100 kW', '100 kW')","(0, 1)",2025-05-17 15:50:04
SPKLU WISMA PLN BUKITTINGGI,"Jl. Ahmad Karim No.16, Benteng Ps. Atas, Kec. Guguk Panjang, Kota Bukittinggi, Sumatera Barat 26136",Buka 24 Jam,4.88,104.35 km,1/1 Konektor Tersedia,"('22 kW',)","(1,)",2025-05-17 15:19:08
SPKLU PLN ULP KENTEN,"Palembang, Suka Maju, Kec. Sako, Kota Palembang, Sumatera Selatan 30961",Buka 24 Jam,0.00,484.57 km,1/1 Konektor Tersedia,"('22 kW',)","(1,)",2025-05-17 15:47:36
SPKLU REST AREA 43 MERAK,"Jalan Tol Tangerang Merak KM 43, Kec. Balaraja Kab. Tangerang",Buka 24 Jam,4.39,866.95 km,3/5 Konektor Tersedia,"('7 kW', '30 kW', '30 kW')","(1, 1, 1)",2025-05-17 16:30:10
SPKLU PLN ULP PASIR PANGARAIAN,"Jl. Koperasi No.3, Pasir Pengaraian, Rambah Tengah Utara, Kabupaten Rokan Hulu, Riau",Buka 24 Jam,5.00,168.75 km,1/1 Konektor Tersedia,"('30 kW',)","(1,)",2025-05-17 15:28:24
SPKLU PLN HOTEL HARPER MEDAN,"Jl. K.H. Wahid Hasyim No.53 / 72, Babura, Kec. Medan Baru, Kota Medan, Sumatera Utara 20154",Buka 24 Jam,5.00,518.33 km,1/1 Konektor Tersedia,"('22 kW',)","(1,)",2025-05-17 15:57:02
SPKLU TERRACE 9C SUVARNA SUTERA,"Jl. Suvarna Sutera Boulevard, Wanakerta Kec. Cikupa Kab. Tangerang",Buka 24 Jam,4.80,870.59 km,1/1 Konektor Tersedia,"('22 kW',)","(1,)",2025-05-17 16:31:57
SPKLU PLN ULP BATUSANGKAR,"Jl. Ps. Papan, Baringin, Kec. Lima Kaum, Kabupaten Tanah Datar, Sumatera Barat 27212",Buka 24 Jam,5.00,81.64 km,1/1 Konektor Tersedia,"('22 kW',)","(1,)",2025-05-17 15:13:42
SPKLU SARUNI JAYA SWALAYAN,"Jl. Raya Labuan - Pandeglang, Saruni, Kec. Majasari Kabupaten Pandeglang, Banten",Buka 24 Jam,5.00,854.51 km,1/1 Konektor Tersedia,"('22 kW',)","(1,)",2025-05-17 16:27:08
SPKLU PLN ULP KUTACANE,"Jl. Perapat Hulu, Babussalam, Aceh Tenggara, Aceh 24651",Buka 24 Jam,0.00,568.88 km,1/1 Konektor Tersedia,"('22 kW',)","(1,)",2025-05-17 16:02:05
SPKLU MALL SAMANEA,"Jl. Suvarna Sutera Boulevard, Pasar Gadung Kec. Cikupa, Kab. Tangerang",Buka 24 Jam,4.91,874.51 km,1/3 Konektor Tersedia,(),(),2025-05-17 16:34:54
SPKLU PLN ULP SINABANG,"Suka Karya, Simeulue Timur, Simeulue Regency, Aceh 24782",Buka 24 Jam,0.00,627.96 km,1/1 Konektor Tersedia,"('22 kW',)","(1,)",2025-05-17 16:06:44
SPKLU EV LOKA LANDS END PIK 2,"JL Yos Sudarso, Pasir Putih, Kabupaten Tangerang 15211",Buka 24 Jam,3.30,879.94 km,4/4 Konektor Tersedia,"('22 kW', '22 kW', '22 kW', '22 kW')","(1, 1, 1, 1)",2025-05-17 16:41:15
SPKLU HOTEL SANTIKA LAHAT,"Jl. Lubuk Beringin No.138, Kel.Manggul, Kec. Lahat, Kabupaten Lahat, Sumatera Selatan",Buka 24 Jam,5.00,461.75 km,1/1 Konektor Tersedia,"('22 kW',)","(1,)",2025-05-17 15:44:42
SPKLU KANTOR UP3 METRO,"Jl. Letjend Alamsyah Ratu Prawira Negara, Metro, Kec. Metro Pusat, Kota Metro, Lampung 34124",Buka 24 Jam,5.00,697.06 km,2/2 Konektor Tersedia,"('50 kW', '50 kW')","(1, 1)",2025-05-17 16:09:23
SPKLU UNAND,"Jl. Lingkar Universitas Andalas, Limau Manis, Kec. Pauh, Kota Padang, Sumatera Barat 25176",Buka 24 Jam,4.75,118.06 km,3/3 Konektor Tersedia,"('50 kW', '50 kW', '22 kW')","(1, 1, 1)",2025-05-17 15:21:07
SPKLU PLN UP3 BANTEN UTARA,"Jl. P. Diponegoro No. 2 Serang, Banten",Buka 24 Jam,4.60,840.82 km,3/3 Konektor Tersedia,"('22 kW', '22 kW', '7 kW')","(1, 1, 1)",2025-05-17 16:23:54
SPKLU PLN UP3 BANGKA,"Jl. Jendral Sudirman No.180, Selindung Baru, Kec. Gabek, Kota Pangkal Pinang, Kepulauan Bangka Belitung 33172",Buka 24 Jam,5.00,571.64 km,2/2 Konektor Tersedia,"('100 kW', '100 kW')","(1, 1)",2025-05-17 16:02:31
SPKLU CityView Medan,"Jl. Komodor Muda Adi Sucipto, Suka Damai, Kec. Medan Polonia, Kota Medan, Sumatera Utara",Buka 24 Jam,4.23,514.87 km,1/3 Konektor Tersedia,"('50 kW', '50 kW', '22 kW')","(0, 1, 0)",2025-05-17 15:53:57
SPKLU PLN Universitas Negeri Padang,"Padang, Air Tawar Bar., Kec. Padang Utara, Kota Padang, Sumatera Barat 25173",Buka 24 Jam,5.00,126.68 km,1/1 Konektor Tersedia,"('22 kW',)","(1,)",2025-05-17 15:22:50
SPKLU IDD PIK 2,"IDD (Indonesia Design District) PIK 2, Jl M.H. Thamrin No.61 Blok T2 Unit 52, Salembaran, Kec. Kosambi, Kabupaten Tangerang, Banten 15214",Buka 24 Jam,4.54,876.05 km,0/3 Konektor Tersedia,"('22 kW', '25 kW', '25 kW')","(0, 0, 0)",2025-05-17 16:37:05
SPKLU Apartemen Aeropolis,"Jl. Aeropolis, RT.001/RW.004, Banten, Kec. Neglasari, Kota Tangerang, Banten 15129",Buka 24 Jam,4.47,878.14 km,2/3 Konektor Tersedia,"('25 kW', '25 kW', '22 kW')","(1, 1, 0)",2025-05-17 16:39:16
SPKLU PLN ULP PARIAMAN,"Pd. II, Kec. Pariaman Tengah, Kota Pariaman, Sumatera Barat 25513",Buka 24 Jam,5.00,137.59 km,1/1 Konektor Tersedia,"('22 kW',)","(1,)",2025-05-17 15:25:45
SPKLU PLN UP3 LANGSA,"Jl. Jend. Ahmad Yani No.6, Gp. Jawa, Langsa Kota, Aceh",Buka 24 Jam,4.50,642.87 km,2/3 Konektor Tersedia,"('22 kW', '100 kW', '100 kW')","(0, 1, 1)",2025-05-17 16:07:13
SPKLU HOTEL NIAGARA PARAPAT,"Jl. Pembangunan No.1, Parapat, Kec. Girsang Sipangan Bolon, Kabupaten Simalungun, Sumatera Utara 21174",Buka 24 Jam,4.00,417.86 km,1/1 Konektor Tersedia,"('22 kW',)","(1,)",2025-05-17 15:41:51
SPKLU SPBU Benteng Betawi,"Jl. Benteng Betawi, Tanah Tinggi, Kec. Tangerang, Kota Tangerang, Banten",Buka 24 Jam,4.40,882.22 km,2/2 Konektor Tersedia,"('22 kW', '25 kW')","(1, 1)",2025-05-17 16:44:11
SPKLU PLN ULP KABANJAHE,"Jl. Veteran, Sumber Mufakat, Kec. Kabanjahe, Kabupaten Karo, Sumatera Utara 22152",Buka 24 Jam,5.00,488.07 km,1/1 Konektor Tersedia,"('22 kW',)","(1,)",2025-05-17 15:49:38
SPKLU PLN UP3 MEMPAWAH,"Jl. Gusti M. Taufik, Terusan, Kec. Mempawah Hilir, Kab. Mempawah, Kalimantan Barat 78912",Buka 24 Jam,0.00,855.19 km,1/1 Konektor Tersedia,"('22 kW',)","(1,)",2025-05-17 16:27:18
SPKLU REST AREA KM 311 PALEMBANG,Ruas Tol Terbangi Besar - Pematang Panggang  - Kayu Agung,Buka 24 Jam,4.33,535.85 km,2/3 Konektor Tersedia,"('22 kW', '120 kW', '120 kW')","(1, 1, 0)",2025-05-17 16:00:15
SPKLU KANTOR GUBERNUR BABEL,"Jl. Pulau Bangka, Air Itam, Kec. Bukitintan, Kota Pangkal Pinang, Kepulauan Bangka Belitung 33684",Buka 24 Jam,5.00,578.43 km,1/1 Konektor Tersedia,"('22 kW',)","(1,)",2025-05-17 16:04:29
SPKLU PLN ULP SICINCIN,"Jl. Raya Padang - Bukittinggi Utara PLN No.km.46, Sicincin, Kec. Enam Lingkung, Kabupaten Padang Pariaman, Sumatera Barat",Buka 24 Jam,5.00,119.05 km,1/1 Konektor Tersedia,"('22 kW',)","(1,)",2025-05-17 15:21:17
SPKLU PLN ULP LABUAN,"Jl. Raya Jend. Sudirman, Labuan, Kec. Labuan, Kabupaten Pandeglang, Banten 42264",Buka 24 Jam,5.00,840.94 km,1/1 Konektor Tersedia,"('22 kW',)","(1,)",2025-05-17 16:24:04
SPKLU REST AREA KM 68 B Tol Merak - Tangerang,"Banjaragung, Kec. Cipocok Jaya, Kota Serang, Banten 42122",Buka 24 Jam,3.55,845.84 km,5/5 Konektor Tersedia,"('60 kW', '60 kW', '22 kW', '30 kW', '30 kW')","(1, 1, 1, 1, 1)",2025-05-17 16:25:14
SPKLU PLN ULP BINTAN CENTER,"Jl. D.I. Panjaitan No.km 9, Air Raja, Kec. Tanjungpinang Tim., Kota Tanjung Pinang, Kepulauan Riau 29125",Buka 24 Jam,5.00,379.92 km,1/1 Konektor Tersedia,"('22 kW',)","(1,)",2025-05-17 15:39:21
SPKLU REST AREA KM 116 B LAMPUNG TENGAH,"SPKLU Rest Area km 116 B, Bumi Ratu Nuban, Lampung Tengah",Buka 24 Jam,4.66,687.07 km,3/3 Konektor Tersedia,"('22 kW',)","(1,)",2025-05-17 16:08:57
SPKLU PLN PDKB BANTEN UTARA,"Jl. Raya Serang Pandeglang, Cipare, Kota Serang, Banten",Buka 24 Jam,4.00,842.18 km,2/2 Konektor Tersedia,"('22 kW', '22 kW')","(1, 1)",2025-05-17 16:24:18
SPKLU CENTRE POINT PIK 2,"Kawasan Centre Point Pantai Indak Kapuk 2, Kec. Kosambi Kab. Tangerang",Buka 24 Jam,3.71,875.25 km,0/2 Konektor Tersedia,"('A CCS2', 'B CCS2')","(0, 0)",2025-05-17 16:35:38
SPKLU PLN ULP PERAWANG,"Jl. Moh. Ali, Perawang Bar., Kec. Tualang, Kabupaten Siak, Riau",Buka 24 Jam,0.00,109.12 km,1/1 Konektor Tersedia,"('30 kW',)","(1,)",2025-05-17 15:20:15
SPKLU Rest Area KM 172-B Tulang Bawang Barat,"Rest Area KM 172-B Tulang Bawang Barat, Lampung",Buka 24 Jam,4.44,644.04 km,4/4 Konektor Tersedia,"('22 kW', '50 kW', '50 kW', '22 kW')","(1, 1, 1, 1)",2025-05-17 16:07:32
SPKLU Drive Thru Komasda,"Jl. Ahmad Yani, Tanjung Pandan, Kabupaten Belitung, Kepulauan Bangka Belitung 33412",Buka 24 Jam,5.00,757.99 km,1/1 Konektor Tersedia,"('22 kW',)","(1,)",2025-05-17 16:16:19
SPKLU BANDARA SMB II PALEMBANG,"Jl. Bandara Sultan Mahmud Badaruddin II, Talang Betutu, Kec. Sukarami, Kota Palembang",Buka 24 Jam,4.52,476.31 km,3/3 Konektor Tersedia,"('50 kW', '50 kW', '22 kW')","(1, 1, 1)",2025-05-17 15:46:14
SPKLU PLN HOME SMART MEDAN,"Jl. Gatot Subroto No.102, Sei Putih Bar., Kec. Medan Petisah, Kota Medan, Sumatera Utara 20118",Buka 24 Jam,4.75,519.56 km,1/1 Konektor Tersedia,"('25 kW',)","(1,)",2025-05-17 15:57:49
SPKLU PLN ULP CILEGON,"Jl. Achmad Yani No. 57, Sukmajaya, Kec Jombang Kota Cilegon, Banten 42416",Buka 24 Jam,4.71,825.96 km,1/1 Konektor Tersedia,"('22 kW',)","(1,)",2025-05-17 16:21:44
SPKLU IBI DARMAJAYA,"Jl. ZA. Pagar Alam No.93, Gedong Meneng, Kec. Rajabasa, Kota Bandar Lampung, Lampung 35141",Buka 24 Jam,4.00,714.39 km,1/1 Konektor Tersedia,"('22 kW',)","(1,)",2025-05-17 16:10:48
SPKLU PLN UIW SUMBAR,"Jl. Dr. Wahidin No. 8 Sawahan, Kota Padang, Sumatera Barat",Buka 24 Jam,4.91,127.60 km,3/3 Konektor Tersedia,"('22 kW', '60 kW', '60 kW')","(1, 1, 1)",2025-05-17 15:24:28
SPKLU MASJID PLN UID S2JB,Jalan Kapten A. Rivai No. 37 Palembang,Buka 24 Jam,0.00,485.85 km,1/1 Konektor Tersedia,"('7 kW',)","(1,)",2025-05-17 15:48:21
SPKLU HOTEL ASTON SERANG,"Jl. Syekh Moh. Nawawi Albantani No. 29, Cilaku, Kec. Curug, Kota Serang",Buka 24 Jam,5.00,846.76 km,2/2 Konektor Tersedia,"('22 kW', '22 kW')","(1, 1)",2025-05-17 16:26:08
SPKLU Eco Business Park,Jl. Imam Bonjol No. 8 Bojong Jaya Kec. Karawaci Kota Tangerang,Buka 24 Jam,4.84,882.15 km,3/3 Konektor Tersedia,"('22 kW', '7 kW', '7 kW')","(1, 1, 1)",2025-05-17 16:43:33
SPKLU Yaski (Heartline),"Jl. Permata Sari No. 1000, Binong, Kec. Curug, Kab. Tangerang, Banten",Buka 24 Jam,4.91,881.84 km,1/2 Konektor Tersedia,"('22 kW', '22 kW')","(0, 1)",2025-05-17 16:42:49
SPKLU PLN ULP DOLOK SANGGUL,"Jl. Dolok Sanggul - Sidikalang, Lumban Tobing, Kec. Dolok sanggul, Kabupaten Humbang Hasundutan, Sumatera Utara 22457",Buka 24 Jam,5.00,401.17 km,1/1 Konektor Tersedia,"('22 kW',)","(1,)",2025-05-17 15:40:13
SPKLU PLN UPK Bangka Belitung,Jl. Lintas Timur Desa Air Anyir Kec. Merawang Kabupaten Bangka Prov. Kep. Bangka Belitung,Buka 24 Jam,5.00,574.73 km,1/1 Konektor Tersedia,"('25 kW',)","(1,)",2025-05-17 16:03:37
SPKLU PLN ULP PERDAGANGAN,"Jl. Rajamin Purba, Perdagangan I, Kec. Bandar, Kabupaten Simalungun, Sumatera Utara 21184",Buka 24 Jam,0.00,439.21 km,1/1 Konektor Tersedia,"('22 kW',)","(1,)",2025-05-17 15:43:36
SPKLU Pelindo Regional 2 Tanjung Pandan,"Jl. Pelabuhan Tanjungpandan No.1, Tj. Pandan, Kec. Tj. Pandan, Kabupaten Belitung, Kepulauan Bangka Belitung 33411",Buka 24 Jam,5.00,754.83 km,1/1 Konektor Tersedia,"('22 kW',)","(1,)",2025-05-17 16:15:15
SPKLU DBROTHERS,"Jl. Tani No.20, Pasiran, Kec. Singkawang Bar., Kota Singkawang, Kalimantan Barat",Buka 24 Jam,5.00,862.38 km,1/1 Konektor Tersedia,"('22 kW',)","(1,)",2025-05-17 16:27:54
SPKLU PLN ULP KOTA PINANG,"Jl. Lintas Sumatra, Kota Pinang, Kec. Kota Pinang, Kab. Labuhanbatu Selatan, Sumatera Utara 21464",Buka 24 Jam,0.00,275.77 km,1/1 Konektor Tersedia,"('22 kW',)","(1,)",2025-05-17 15:33:22
SPKLU PLN ULP MUARA AMAN,"Jalan Pangeran Zainal Abidin , Kab. Lebong, Bengkulu",Buka 24 Jam,0.00,330.53 km,1/1 Konektor Tersedia,"('22 kW',)","(1,)",2025-05-17 15:36:27
SPKLU PLN ULP SEKAYU,"Jl. Kopral Hanafiah, Serasan Jaya, Kec. Sekayu, Kabupaten Musi Banyuasin, Sumatera Selatan 30711",Buka 24 Jam,5.00,403.37 km,1/1 Konektor Tersedia,"('22 kW',)","(1,)",2025-05-17 15:40:39
SPKLU MALL BOEMI KEDATON,"Jl. Teuku Umar No.1, Labuhan Ratu, Kec. Kedaton, Kota Bandar Lampung, Lampung 35132",Buka 24 Jam,3.63,715.39 km,2/2 Konektor Tersedia,"('25 kW', '22 kW')","(1, 1)",2025-05-17 16:11:07
SPKLU PLN S2JB Demang,"Jalan Demang Lebar Daun No. 170 Palembang, Sumatera Selatan",Buka 24 Jam,4.74,484.00 km,3/4 Konektor Tersedia,"('30 kW', '22 kW', '60 kW', '60 kW')","(1, 1, 1, 0)",2025-05-17 15:47:26
SPKLU PLN KP PANTI,"Jl lintas Panti, Panti, Kabupaten Pasaman, Sumatera Barat 26352",Buka 24 Jam,0.00,157.11 km,1/1 Konektor Tersedia,"('22 kW',)","(1,)",2025-05-17 15:27:55
SPKLU HOTEL ASTON ANYER,"Jl. Raya Karang Bolong No 139, Karang Suraga, Kec. Cinangka, Kab Serang Banten",Buka 24 Jam,4.76,822.56 km,2/2 Konektor Tersedia,"('22 kW', '22 kW')","(1, 1)",2025-05-17 16:21:28
SPKLU HOTEL MAHKOTA SINGKAWANG,"Jl. P. Diponegoro No.1, Pasiran, Kec. Singkawang Bar., Kota Singkawang, Kalimantan Barat 79122",Buka 24 Jam,5.00,863.82 km,1/1 Konektor Tersedia,"('22 kW',)","(1,)",2025-05-17 16:28:29
SPKLU RUMAH BUMN JAMBI,Jl. Sukarno Hatta No.35-36 Paal Merah Pasir Putih Jambi Selatan Jambi,Buka 24 Jam,5.00,298.78 km,1/1 Konektor Tersedia,"('7 kW',)","(1,)",2025-05-17 15:35:46
SPKLU PLN UID LAMPUNG,"Jl. ZA. Pagar Alam No.5, Rajabasa, Kota Banjar Lampung, Lampung 35144",Buka 24 Jam,4.85,711.78 km,3/3 Konektor Tersedia,"('100 kW', '100 kW', '22 kW')","(1, 1, 1)",2025-05-17 16:10:33
SPKLU PLN ULP TELUK SEGARA,Jl. Prof Dr. Hazairin No. 8 Teluk Segara Bengkulu,Buka 24 Jam,5.00,402.66 km,3/3 Konektor Tersedia,"('22 kW', '60 kW', '60 kW')","(1, 1, 1)",2025-05-17 15:40:23
SPKLU PLN KTR WALI KOTA PADANG PANJANG,"Silaing Bawah, Kota Padang Panjang, Sumatera Barat",Buka 24 Jam,4.83,103.93 km,2/3 Konektor Tersedia,"('50 kW', '50 kW', '22 kW')","(0, 1, 1)",2025-05-17 15:18:42
SPKLU PLN GRAND MERCURE MEDAN,"Jl. Sutomo No.1, Perintis, Kec. Medan Tim., Kota Medan, Sumatera Utara 20235",Buka 24 Jam,5.00,518.39 km,1/1 Konektor Tersedia,"('22 kW',)","(1,)",2025-05-17 15:57:18
SPKLU Rest Area KM 33 B Tol Bakauheni-Terbanggi Besar,"Rest Area KM 33 B Tol Bakauheni-Terbanggi Besar, Suka Tani, Kec. Kalianda, Kabupaten Lampung Selatan, Lampung 35551",Buka 24 Jam,4.00,761.19 km,1/1 Konektor Tersedia,"('22 kW',)","(1,)",2025-05-17 16:17:37
SPKLU RS BUDI ASIH SERANG,"Jl. KH. Sochari No. 39, Sumurpecung, Kec. Serang, Kota Serang, Banten",Buka 24 Jam,4.25,842.23 km,1/1 Konektor Tersedia,"('22 kW',)","(1,)",2025-05-17 16:24:34
SPKLU PLN ULP KOTABARU,"‎‎Jl‎.  ‎Nuri Jelutung‎, ‎Kota Jambi‎, ‎36133‎",Buka 24 Jam,4.00,296.57 km,1/1 Konektor Tersedia,"('22 kW',)","(1,)",2025-05-17 15:35:30
SPKLU PLN JAGA JEBUS,"Jl. Raya jebus Dn. Tambang 6, Ds. Mislak Kec. Jebus Kab. Bangka Barat",Buka 24 Jam,5.00,488.94 km,1/1 Konektor Tersedia,"('22 kW',)","(1,)",2025-05-17 15:49:48
SPKLU PLN ULP MUKOMUKO,"Jl. R.A. Kartini No.8, Pd. Batu, Kec. Kota Mukomuko, Kabupaten Mukomuko, Bengkulu",Buka 24 Jam,0.00,255.30 km,1/1 Konektor Tersedia,"('22 kW',)","(1,)",2025-05-17 15:32:30
SPKLU PLN KANTOR BUPATI PESSEL,"Jl. Agus Salim, Painan, Kec. Iv Jurai, Kabupaten Pesisir Selatan, Sumatera Barat 25651",Buka 24 Jam,5.00,143.56 km,3/3 Konektor Tersedia,"('50 kW', '50 kW', '22 kW')","(1, 1, 1)",2025-05-17 15:27:03
SPKLU Fairfield Hotel Belitung,"Jl. Pattimura No.1, Tj. Pendam, Kec. Tj. Pandan, Kabupaten Belitung, Kepulauan Bangka Belitung",Buka 24 Jam,0.00,754.02 km,1/1 Konektor Tersedia,"('22 kW',)","(1,)",2025-05-17 16:14:59
SPKLU KANTOR BUPATI PASAMAN,"Jl. Jend. Sudirman, Pauah, Kec. Lubuk Sikaping, Kabupaten Pasaman, Sumatera Barat 26318",Buka 24 Jam,0.00,134.92 km,1/1 Konektor Tersedia,"('22 kW',)","(1,)",2025-05-17 15:25:19
SPKLU Perum Akasia MC,"Griya Inti Sentosa, Jl. Akasia Bukit Golf Mediterania",Buka 24 Jam,4.18,883.89 km,4/4 Konektor Tersedia,"('22 kW', '22 kW', '22 kW', '22 kW')","(1, 1, 1, 1)",2025-05-17 16:47:16
SPKLU PLN ULP RENGAT KOTA,"Jl. Laksamana Laut Yos Sudarso, Sekip Hulu, Kec. Rengat, Kabupaten Indragiri Hulu, Riau 29314",Buka 24 Jam,0.00,138.65 km,1/1 Konektor Tersedia,"('22 kW',)","(1,)",2025-05-17 15:25:56
SPKLU Rest Area KM 70  Serang - Panimbang,"Jl. Tol Serang Panimbang KM 70, Mongpok Kec. Cikeusal Kab. Serang",Buka 24 Jam,0.00,853.74 km,2/2 Konektor Tersedia,"('22 kW', '22 kW')","(1, 1)",2025-05-17 16:26:42
SPKLU SKAY WAY COFFEE,"Jl. Raya Bukittinggi - Payakumbuh No.233, Pakan Sinayan, Kec. Payakumbuh Bar., Kota Payakumbuh, Sumatera Barat 26224",Buka 24 Jam,5.00,73.92 km,1/1 Konektor Tersedia,"('22 kW',)","(1,)",2025-05-17 15:10:57
SPKLU PLN ULP TEMBILAHAN,"Jl. Gn. Daek, Tembilahan Kota, Kec. Tembilahan, Kabupaten Indragiri Hilir, Riau",Buka 24 Jam,4.83,205.68 km,1/1 Konektor Tersedia,"('30 kW',)","(1,)",2025-05-17 15:30:48
SPKLU PLN ULP LABUHAN,"Jl. KL. Yos Sudarso, M A B A R, Kec. Medan Deli, Kota Medan, Sumatera Utara 20242",Buka 24 Jam,5.00,525.58 km,1/1 Konektor Tersedia,"('22 kW',)","(1,)",2025-05-17 15:59:31
SPKLU Pasar 8 Suvarna Sutera,"Perumahan Suvarna Sutera, Jl. Suvarna Utama No.33A, Wana Kerta, Kec. Sindang Jaya, Kabupaten Tangerang, Banten",Buka 24 Jam,4.68,870.90 km,2/2 Konektor Tersedia,"('22 kW', '25 kW')","(1, 1)",2025-05-17 16:32:22
SPKLU The Campus Coffee and Eatery,"Jl. Pinang, Pabuaran, Kec. Tigaraksa, Kabupaten Tangerang, Banten",Buka 24 Jam,5.00,876.75 km,1/1 Konektor Tersedia,"('22 kW',)","(1,)",2025-05-17 16:37:15
SPKLU PLN ULP ARGAMAKMUR,"Jl. Jendral Sudirman, Kota  Argamakmur,  Kab.Bengkulu Utara, Prov. Bengkulu",Buka 24 Jam,1.00,363.37 km,1/1 Konektor Tersedia,"('22 kW',)","(1,)",2025-05-17 15:37:18
SPKLU Rest Area KM 87 A Tol Bakauheni-Terbanggi Besar,"Rest Area KM 87 A Tol Bakauheni-Terbanggi Besar, Fajar Baru, Kec. Jati Agung, Kabupaten Lampung Selatan, Lampung",Buka 24 Jam,4.94,710.52 km,3/3 Konektor Tersedia,"('22 kW',)","(1,)",2025-05-17 16:10:03
SPKLU PLN ULP TEUNOM,"Desa Panton, Kec. Teunom, Kabupaten Aceh Jaya, Aceh 23653",Buka 24 Jam,0.00,803.50 km,1/1 Konektor Tersedia,"('22 kW',)","(1,)",2025-05-17 16:19:33
SPKLU HOTEL ASTON CILEGON,"Jl. KH Wasyid No. 35 A Sukmajaya, Kec. Jombang Kota Cilegon Banten",Buka 24 Jam,4.69,826.60 km,1/2 Konektor Tersedia,"('22 kW', '22 kW')","(0, 1)",2025-05-17 16:22:03
SPKLU PLN ULP SIAK SRI INDRAPURA,"Kp. Dalam, Kec. Siak, Kabupaten Siak, Riau",Buka 24 Jam,5.00,144.62 km,1/1 Konektor Tersedia,"('30 kW',)","(1,)",2025-05-17 15:27:19
SPKLU PLN ULP PEMATANGSIANTAR,"Jl. Kapten M.H. Sitorus No.1, Proklamasi, Kec. Siantar Bar., Kota Pematang Siantar, Sumatera Utara 21117",Buka 24 Jam,5.00,436.31 km,1/1 Konektor Tersedia,"('22 kW',)","(1,)",2025-05-17 15:43:01
SPKLU PLN ULP TALUK KUANTAN,"Ps. Taluk, Kec. Kuantan Tengah, Kabupaten Kuantan Singingi, Riau 29566",Buka 24 Jam,4.85,40.82 km,3/3 Konektor Tersedia,"('50 kW', '50 kW', '22 kW')","(1, 1, 1)",2025-05-17 15:09:03
SPKLU KOTA SUTERA,"Kawasan Perumahan Kota Sutera Jl Raya Cadas Kukun No 189 Kp Leles Sindangsari Pasar Kemis, Kabupaten Tangerang, Banten",Buka 24 Jam,5.00,870.38 km,1/1 Konektor Tersedia,"('7 kW',)","(1,)",2025-05-17 16:31:42
SPKLU PLN BANDARA MINANG KABAU,"Jl. Katapiang, Kec. Batang Anai, Kabupaten Padang Pariaman, Sumatera Barat 25586 (P7)",Buka 24 Jam,5.00,126.71 km,1/1 Konektor Tersedia,"('22 kW',)","(1,)",2025-05-17 15:23:06
SPKLU PLN ULP MENTOK,"JL. Jenderan Basuki Rachmat, Air Belo, Mentok, Kabupaten Bangka Barat, Kepulauan Bangka Belitung 33351",Buka 24 Jam,5.00,472.85 km,3/3 Konektor Tersedia,"('7 kW',)","(1,)",2025-05-17 15:45:46
SPKLU SANTIKA MEDAN,"Jl. Kapten Maulana Lubis No.7, Petisah Tengah, Kec. Medan Petisah, Kota Medan, Sumatera Utara 20111",Buka 24 Jam,1.00,518.17 km,0/1 Konektor Tersedia,"('22 kW',)","(0,)",2025-05-17 15:56:32
SPKLU PLN ULP SUNGAILIAT,Jl.Jend A Yani jalur 2 Sungailiat Kab Bangka,Buka 24 Jam,5.00,563.58 km,1/1 Konektor Tersedia,"('22 kW',)","(1,)",2025-05-17 16:01:29
SPKLU PLN KP SEI PAKNING,"Jl. Sungai Selari, Kec. Bukit Batu, Kabupaten Bengkalis, Riau",Buka 24 Jam,5.00,204.24 km,1/1 Konektor Tersedia,"('30 kW',)","(1,)",2025-05-17 15:30:32
SPKLU PLN ULP SEBERANG KOTA,"Komplek Perkantoran Kabupaten Muaro Jambi, Bukit Balin g, Sekernan, Kab. Muaro Jambi , Jambi 36381",Buka 24 Jam,0.00,278.51 km,1/1 Konektor Tersedia,"('22 kW',)","(1,)",2025-05-17 15:33:32
SPKLU PLN KANTOR JAGA TEMPILANG,"Desa Tempilang, Kec. Tempilang, Kabupaten Bangka Barat, Kepulauan Bangka Belitung 33365",Buka 24 Jam,0.00,524.97 km,1/1 Konektor Tersedia,"('22 kW',)","(1,)",2025-05-17 15:59:15
SPKLU PLN UP3 PEMATANGSIANTAR,"Jl. Kapten M.H. Sitorus No.1, Proklamasi, Kec. Siantar Bar., Kota Pematang Siantar, Sumatera Utara 21117",Buka 24 Jam,4.76,436.44 km,4/4 Konektor Tersedia,"('30 kW', '30 kW', '100 kW', '100 kW')","(1, 1, 1, 1)",2025-05-17 15:43:21
SPKLU PLAZA ANDALAS,"Jalan Pemuda ( Plaza Andalas Lt.2 No.11 Kel, Jl. Blk. Olo, Olo, Kec. Padang Bar., Kota Padang, Sumatera Barat",Buka 24 Jam,0.00,129.39 km,1/1 Konektor Tersedia,"('22 kW',)","(1,)",2025-05-17 15:24:43
SPKLU Rest Area KM 215 B Tol Terpeka,"Rest Area KM 208 A Tol Terpeka, Bakauheni - Kayu Agung Rd, Mulya Sari, Gunung Agung, West Tulang Bawang Regency, Lampung 34684",Buka 24 Jam,4.25,612.17 km,1/1 Konektor Tersedia,"('22 kW',)","(1,)",2025-05-17 16:05:36
SPKLU PLN ULP PANDEGLANG,"Jl. Jenderal Ahmad Yani No.11, Curug Sawer, Kec. Pandeglang, Kabupaten Pandeglang, Banten 42211",Buka 24 Jam,5.00,853.55 km,2/2 Konektor Tersedia,"('22 kW', '22 kW')","(1, 1)",2025-05-17 16:26:22
SPKLU UP3 Meulaboh,"Jl. Swadaya, Drien Rampak, Kec. Johan Pahlawan, Kab. Aceh Barat, Aceh, 23611",Buka 24 Jam,5.00,755.78 km,2/2 Konektor Tersedia,"('50 kW', '50 kW')","(1, 1)",2025-05-17 16:15:51
DIRLANTAS Satuan PJR POLDA SUMATERA UTARA,"Jalan Medan, KM 1, Limau Manis, Kec. Tj. Morawa, Kabupaten Deli Serdang, Sumatera Utara 20362",Buka 24 Jam,0.00,505.58 km,1/1 Konektor Tersedia,"('22 kW',)","(1,)",2025-05-17 15:53:01
SPKLU Rest Area KM 234 A Bakauheni - Kayu Agung,"Rest Area 234A, Way Serdang, Mesuji, Lampung",Buka 24 Jam,4.97,600.57 km,3/3 Konektor Tersedia,"('22 kW',)","(1,)",2025-05-17 16:05:10
SPKLU PLN ULP MANGGAR,"Jalan Jendral Sudirman No.1,Kurnia Jaya, Manggar, Kabupaten Belitung Timur, Kepulauan Bangka Belitung 33512",Buka 24 Jam,5.00,827.07 km,1/1 Konektor Tersedia,"('22 kW',)","(1,)",2025-05-17 16:22:13
SPKLU PLN UP3 SINGKAWANG,"Jl. Alianyang No.71, Singkawang, Kalimantan Barat 79111",Buka 24 Jam,4.86,864.36 km,3/3 Konektor Tersedia,"('22 kW', '60 kW', '60 kW')","(1, 1, 1)",2025-05-17 16:28:39
SPKLU PLN ULP SINGKARAK,"Sumani, X Koto Singkarak, Solok Regency, West Sumatra 27356",Buka 24 Jam,5.00,92.65 km,1/1 Konektor Tersedia,"('22 kW',)","(1,)",2025-05-17 15:17:50
SPKLU Express Group Cipondoh,"Jl. MH. Thamrin, Cikokol, Kec. Tangerang, Kota Tangerang, Banten 15117",Buka 24 Jam,4.96,885.18 km,4/4 Konektor Tersedia,"('22 kW', '22 kW', '22 kW', '22 kW')","(1, 1, 1, 1)",2025-05-17 16:50:10
SPKLU PLN ULP KUALA SIMPANG,"Jl. Ir. H. Juanda Dalam, Dalam, Karang Baru, Kabupaten Aceh Tamiang, Aceh",Buka 24 Jam,5.00,621.15 km,1/1 Konektor Tersedia,"('22 kW',)","(1,)",2025-05-17 16:06:28
SPKLU PLN ULP PENDOPO,"Jalan Merdeka Talang Ubi Selatan Pendopo, Kab. Penukal Abab Lematang Ilir, Sumatera Selatan 31212",Buka 24 Jam,0.00,435.82 km,1/1 Konektor Tersedia,"('22 kW',)","(1,)",2025-05-17 15:42:51
SPKLU PLN ULP MUARA BULIAN,"‎Jl‎. ‎Jenderal Sudirman‎, ‎Kab Batang Hari‎, ‎36613‎",Buka 24 Jam,0.00,269.71 km,1/1 Konektor Tersedia,"('22 kW',)","(1,)",2025-05-17 15:32:45
SPKLU PT SPE,"Pegadungan, Kota Jakarta Barat, Daerah Khusus Ibukota Jakarta",Buka 24 Jam,0.00,881.47 km,1/2 Konektor Tersedia,"('22 kW', '22 kW')","(1, 0)",2025-05-17 16:42:34
SPKLU PLN UIW Bangka Belitung,"Jalan Soekarno Hatta KM 5 Pangkalpinang, Kepulauan Bangka Belitung",Buka 24 Jam,4.97,575.82 km,3/3 Konektor Tersedia,"('50 kW', '50 kW', '22 kW')","(1, 1, 1)",2025-05-17 16:04:08
SPKLU PLN ZILA CAFE,"Jl. Padang - Alahan Panjang, Simpang Tj. Nan IV, Kec. Danau Kembar, Kabupaten Solok, Sumatera Barat 27383",Buka 24 Jam,5.00,105.94 km,1/1 Konektor Tersedia,"('22 kW',)","(1,)",2025-05-17 15:19:34
SPKLU PLN ULP LINTAU,"Nagari Tigojangko, Jl. Sitangkai-Balaitangah No.Km.3, Kec. Lintau Buo Utara, Kabupaten Tanah Datar, Sumatera Barat",Buka 24 Jam,5.00,63.98 km,1/1 Konektor Tersedia,"('22 kW',)","(1,)",2025-05-17 15:09:29
SPKLU PLN ULP DURI,"Jl. Hangtuah, Air Jamban, Kec. Mandau, Kabupaten Bengkalis, Riau",Buka 24 Jam,4.90,172.48 km,1/1 Konektor Tersedia,"('30 kW',)","(1,)",2025-05-17 15:29:06
SPKLU PLN ULP BINTUHAN,"Jalan Padang Genteng, Kaur Selatan, Kab. Kaur, Bengkulu 38963",Buka 24 Jam,4.25,548.96 km,1/1 Konektor Tersedia,"('22 kW',)","(1,)",2025-05-17 16:01:01
SPKLU PLN ULP GEBANG,"Jl. Medan Banda Aceh 67, Pekan Gebang, Kec. Gebang, Kabupaten Langkat, Sumatera Utara 20857",Buka 24 Jam,5.00,572.74 km,0/1 Konektor Tersedia,"('22 kW',)","(0,)",2025-05-17 16:03:27
SPKLU PLN ULP SEI DURI,"Jl. Sumbawa No.98A, Sungai Duri, Kec. Sungai Raya, Kabupaten Bengkayng Kalimantan Barat 79271",Buka 24 Jam,0.00,853.94 km,1/1 Konektor Tersedia,"('7 kW',)","(1,)",2025-05-17 16:26:52
SPKLU PLN ULP SAMALANGA,"Jl. Matang-Samalanga, Meunasah Lueng, Kec. Samalanga, Kabupaten Bireuen, Aceh",Buka 24 Jam,0.00,816.96 km,1/1 Konektor Tersedia,"('22 kW',)","(1,)",2025-05-17 16:20:38
SPKLU PLN ULP BALIGE,"Jl. Dr. T.D. Pardede No.14, Kec. Balige, Toba, Sumatera Utara 22312",Buka 24 Jam,5.00,381.74 km,3/3 Konektor Tersedia,"('22 kW', '60 kW', '60 kW')","(1, 1, 1)",2025-05-17 15:39:31
SPKLU Hotel Narita Tangerang,"Jl. KH. Hasyim Ashari No.63-65, Cipondoh, Kec. Karang Tengah, Kota Tangerang, Banten 15157",Buka 24 Jam,4.86,885.13 km,3/3 Konektor Tersedia,"('7 kW', '7 kW', '22 kW')","(1, 1, 1)",2025-05-17 16:49:42
SPKLU REST AREA KM 67 B Tol Bakauheni-Terbanggi Besar,"SPKLU REST AREA KM 67 B Tol Bakauheni-Terbanggi Besar,Serdang, Kec. Tj. Bintang, Kabupaten Lampung Selatan, Lampung 35361",Buka 24 Jam,0.00,728.75 km,1/1 Konektor Tersedia,"('22 kW',)","(1,)",2025-05-17 16:13:15
SPKLU LA PIT STOP CAR WASH,"Jl. Raya Padang - Bukittinggi, Lubuk Alung, Kec. Lubuk Alung, Kabupaten Padang Pariaman, Sumatera Barat 25582",Buka 24 Jam,5.00,121.60 km,1/1 Konektor Tersedia,"('22 kW',)","(1,)",2025-05-17 15:21:33
SPKLU UP3 BELITUNG,"Jl. Ahmad Yani No.111, Belitung, Kepulauan Bangka Belitung",Buka 24 Jam,4.84,758.01 km,3/3 Konektor Tersedia,"('50 kW', '50 kW', '22 kW')","(1, 1, 1)",2025-05-17 16:16:35
SPKLU PLN ULP BANGKINANG,"Jl. Langgini, Kec. Bangkinang, Kabupaten Kampar, Riau",Buka 24 Jam,5.00,74.62 km,1/1 Konektor Tersedia,"('30 kW',)","(1,)",2025-05-17 15:11:33
SPKLU PLN ULP RANTAUPRAPAT KOTA,"Jl. Lintas Sumatra, Rantauprapat, Kec. Rantau Utara, Kab. Labuhanbatu, Sumatera Utara",Buka 24 Jam,4.59,310.71 km,3/3 Konektor Tersedia,"('22 kW', '60 kW', '60 kW')","(1, 1, 1)",2025-05-17 15:36:01
SPKLU REST AREA KM 49 B Tol Bakauheni-Terbanggi Besar,"Jl. Tol Bakauheni - Terbanggi Besar, Karya Mulya Sari, Kec. Candipuro, Kabupaten Lampung Selatan, Lampung 35356",Buka 24 Jam,4.69,745.20 km,3/3 Konektor Tersedia,"('22 kW',)","(1,)",2025-05-17 16:14:33
SPKLU PLN ULP AEK KANOPAN,"Aek Kanopan Tim., Kec. Kualuh Hulu, Kabupaten Labuhanbatu Utara, Sumatera Utara 21273",Buka 24 Jam,5.00,364.09 km,1/1 Konektor Tersedia,"('22 kW',)","(1,)",2025-05-17 15:37:34
SPKLU HOTEL SIBAYAK BERASTAGI,"Jl. Merdeka, Gundaling I, Kec. Berastagi, Kabupaten Karo, Sumatera Utara 22156",Buka 24 Jam,4.79,494.88 km,1/1 Konektor Tersedia,"('22 kW',)","(1,)",2025-05-17 15:51:26
SPKLU PLN ULP SIMPANG EMPAT,"Lingkuang Aua, Pasaman, West Pasaman Regency, West Sumatra 26566",Buka 24 Jam,5.00,169.72 km,1/1 Konektor Tersedia,"('22 kW',)","(1,)",2025-05-17 15:28:40
SPKLU PLN ULP PAYAKUMBUH,"Jl. Moh. Yamin, Padang Tiakar Hilir, Kec. Payakumbuh Timur, Kota Payakumbuh, Sumatera Barat 26212",Buka 24 Jam,4.67,73.79 km,1/1 Konektor Tersedia,"('22 kW',)","(1,)",2025-05-17 15:10:41
SPKLU PLN UID SUMATERA UTARA,"Jl. KL. Yos Sudarso Gg. VIII No.1d, Glugur Kota, Kec. Medan Baru, Kota Medan, Sumatera Utara 20238",Buka 24 Jam,4.67,520.57 km,3/3 Konektor Tersedia,"('A CCS2', 'B CCS2', '22 kW')","(1, 1, 1)",2025-05-17 15:58:38
SPKLU PLN UP3 PADANG,"Jl. S. Parman No.221, Ulak Karang Utara, Kec. Padang Utara, Kota Padang, Sumatera Barat",Buka 24 Jam,5.00,127.14 km,1/1 Konektor Tersedia,"('22 kW',)","(1,)",2025-05-17 15:24:17
SPKLU Perumahan Citra Maja Raya,"Jl. Kopo-Maja, Mekarbaru, Kec. Maja, Kabupaten Lebak, Banten 42178",Buka 24 Jam,4.72,875.77 km,2/2 Konektor Tersedia,"('22 kW', '22 kW')","(1, 1)",2025-05-17 16:35:58
SPKLU SIDE WALK COFFEE,"Jl. Jendral Sudirman.279 Payolinyam, Kaning Bukik, Kota Payakumbuh, Sumatera Barat 26217",Buka 24 Jam,0.00,73.70 km,1/1 Konektor Tersedia,"('22 kW',)","(1,)",2025-05-17 15:10:31
SPKLU Rest Area KM 20 B TRANS-SUMATERA,"Rawi, Kec. Penengahan, Lampung",Buka 24 Jam,4.07,773.33 km,5/5 Konektor Tersedia,"('25 kW', '25 kW', 'A CCS2', 'B CCS2', '4 kW')","(1, 1, 1, 1, 1)",2025-05-17 16:18:11
SPKLU PLN ULP RANGKASBITUNG,"Jl. RT Hardiwinangun No.39, Rangkasbitung Banten 42312",Buka 24 Jam,3.79,868.02 km,2/2 Konektor Tersedia,"('7 kW', '7 kW')","(1, 1)",2025-05-17 16:30:49
SPKLU POLRESTA TANGERANG,"Jl. H. Abdul Hamid, Kadu Agung, Kec. Tigaraksa, Kabupaten Tangerang, Banten 15720",Buka 24 Jam,4.81,877.70 km,4/4 Konektor Tersedia,"('7 kW', '22 kW', '60 kW', '60 kW')","(1, 1, 1, 1)",2025-05-17 16:37:29
SPKLU PLN ULP TAKENGON,"Jl. Lebe Kader No.89, Simpang Empat, Kec. Bebesen, Kabupaten Aceh Tengah, Aceh",Buka 24 Jam,4.00,735.51 km,1/1 Konektor Tersedia,"('25 kW',)","(1,)",2025-05-17 16:13:56
SPKLU PLN ULP ANYER,"Jl. Raya Anyer No. 20, Anyar, Kec. Anyar, Kabupaten Serang, Banten",Buka 24 Jam,4.14,818.86 km,1/1 Konektor Tersedia,"('22 kW',)","(1,)",2025-05-17 16:21:08
SPKLU PLN ULP SIMPANG TIGA,"Jl. Kartama, Perhentian Marpoyan, Kec. Marpoyan Damai, Kota Pekanbaru, Riau",Buka 24 Jam,4.93,81.12 km,1/1 Konektor Tersedia,"('22 kW',)","(1,)",2025-05-17 15:12:50
SPKLU PLN MUARA KIAWAI,"JL.MUARA KIAWAI, Gunung Tuleh, West Pasaman Regency, West Sumatra 26571",Buka 24 Jam,0.00,183.26 km,1/1 Konektor Tersedia,(),(),2025-05-17 15:29:30
SPKLU PLN ULP LUBUK LINGGAU,"Jl. Yos Sudarso No.5,  Kota Lubuk Linggau, Sumatera Selatan",Buka 24 Jam,5.00,376.15 km,3/3 Konektor Tersedia,"('22 kW', '60 kW', '60 kW')","(1, 1, 1)",2025-05-17 15:38:34
Rest Area KM 277 Terpeka,Rest Area Km. 277  Jalan Tol  Bakauhuni - Kayu Agung,Buka 24 Jam,3.67,566.62 km,1/1 Konektor Tersedia,"('22 kW',)","(1,)",2025-05-17 16:01:55
Rest Area KM 269 Terpeka,Rest Area Km. 269  Jalan Tol  Bakauhuni - Kayu Agung,Buka 24 Jam,5.00,574.80 km,4/4 Konektor Tersedia,"('22 kW', '22 kW', '60 kW', '60 kW')","(1, 1, 1, 1)",2025-05-17 16:03:57
SPKLU PLN ULP TANJUNG BALAI,"Jl. Jendral Sudirman, Tj. Balai Kota I, Tanjungbalai Selatan, Kota Tanjung Balai, Sumatera Utara 21334",Buka 24 Jam,1.00,394.99 km,1/1 Konektor Tersedia,"('22 kW',)","(1,)",2025-05-17 15:39:47
SPKLU PLN IP SURALAYA,"Jl. Suralaya No. 21, Suralaya, Kec. Pulomerak, Kota Cilegon, Banten 42439",Buka 24 Jam,5.00,813.33 km,1/1 Konektor Tersedia,"('7 kW',)","(1,)",2025-05-17 16:19:49
SPKLU PLN ULP BELANTI,"Jl. Khatib Sulaiman No.46, Ulak Karang Selatan, Kec. Padang Utara, Kota Padang, Sumatera Barat 25173",Buka 24 Jam,4.88,126.87 km,1/1 Konektor Tersedia,"('4 kW',)","(1,)",2025-05-17 15:23:16
SPKLU PLN ULP SIJUNJUNG,"Muaro, Kecamaten Sijunjung, Kabupaten Sijunjung, Sumatera Barat 27513",Buka 24 Jam,5.00,58.63 km,1/1 Konektor Tersedia,"('22 kW',)","(1,)",2025-05-17 15:09:13
SPKLU REST AREA 68A,"Jalan Tol Tangerang Merak KM 68 A Kec Cipocok Jaya Kota Serang, Banten",Buka 24 Jam,4.06,846.04 km,5/5 Konektor Tersedia,"('7 kW', '30 kW', '30 kW', 'A CCS2', 'B CCS2')","(1, 1, 1, 1, 1)",2025-05-17 16:25:38
SPKLU PLN KANTOR JAGA PAYUNG,"Jl. Ahmad Yani, Payung, Bangka Selatan, Kepulauan Bangka Belitung 33778",Buka 24 Jam,0.00,596.93 km,1/1 Konektor Tersedia,"('22 kW',)","(1,)",2025-05-17 16:04:55
SPKLU ULP TAPAK TUAN,"Desa Jambo Apha, Kecamatan Tapak Tuan, Kabupaten Aceh Selatan, Aceh 23715",Buka 24 Jam,5.00,603.20 km,1/1 Konektor Tersedia,"('22 kW',)","(1,)",2025-05-17 16:05:21
SPKLU Hotel Umega,"Jl. Trans Sumatera Km. 200, Gunung Medan, Muara Bungo - Solok, Kabupaten Dharmasraya, Sumatera Barat 27573",Buka 24 Jam,5.00,88.90 km,1/1 Konektor Tersedia,"('22 kW',)","(1,)",2025-05-17 15:16:59
SPKLU MASJID H. ALIUS,"Koto Gaek Guguak, Kec. Gn. Talang, Kabupaten Solok, Sumatera Barat 27365",Buka 24 Jam,5.00,106.84 km,1/1 Konektor Tersedia,"('22 kW',)","(1,)",2025-05-17 15:19:50
SPKLU PLN UP3 TANJUNG KARANG,"Jl. Diponegoro No.14, Gotong Royong, Kec. Tj. Karang Pusat, Kota Bandar Lampung, Lampung 35213",Buka 24 Jam,4.86,719.03 km,3/3 Konektor Tersedia,"('4 kW',)","(1,)",2025-05-17 16:12:10
SPKLU Hotel Prime Park,"Jl. Jendral Sudirman No 3, Simpang Tiga, Kota Pekanbaru, Riau",Buka 24 Jam,0.00,84.53 km,0/1 Konektor Tersedia,"('22 kW',)","(0,)",2025-05-17 15:14:44
SPKLU KAMPUNG EROPA HARAU,"Tarantang, Harau, Lima Puluh Kota Regency, West Sumatra 26271",Buka 24 Jam,5.00,73.17 km,1/1 Konektor Tersedia,"('22 kW',)","(1,)",2025-05-17 15:10:15
SPKLU Kantor ULP Talang Padang,"Jl. Raden Intan No.76, Suka Merindu, Kec. Talang Padang, Kabupaten Tanggamus, Lampung 35377",Buka 24 Jam,5.00,682.59 km,1/1 Konektor Tersedia,"('22 kW',)","(1,)",2025-05-17 16:08:32
SPKLU PLN KP RIMBO DATA,"Tanjuang Balik, Kec. Pangkalan Koto Baru, Kabupaten Lima Puluh Kota, Sumatera Barat 26272",Buka 24 Jam,0.00,78.49 km,1/1 Konektor Tersedia,"('22 kW',)","(1,)",2025-05-17 15:12:35
SPKLU PLN ULP PANGURURAN,"Jl. Kejaksan, Kabupaten Samosir, Sumatera Utara 22392",Buka 24 Jam,5.00,431.34 km,2/3 Konektor Tersedia,"('22 kW', '60 kW', '60 kW')","(1, 1, 0)",2025-05-17 15:42:25
SPKLU Rest Area KM 208 A Tol Terpeka,"Rest Area KM 208 A Tol Terpeka, Warga Indah Jaya, Kec. Banjar Agung, Kab. Tulang Bawang, Lampung 34684",Buka 24 Jam,4.50,617.57 km,1/1 Konektor Tersedia,"('22 kW',)","(1,)",2025-05-17 16:06:02
SPKLU PLN ULP MUARA ENIM,"Jl. Sultan Mahmud Badaruddin II, Kelurahan Air Lintang, Kec. Muara Enim, Kabupaten Muara Enim, Sumatera Selatan 31314",Buka 24 Jam,4.18,464.69 km,3/3 Konektor Tersedia,"('22 kW', '100 kW', '100 kW')","(1, 1, 1)",2025-05-17 15:45:02
SPKLU PLN ULP PANGKALAN BRANDAN,"Brandan Tim. Baru, Kec. Babalan, Kabupaten Langkat, Sumatera Utara 20881",Buka 24 Jam,4.00,581.63 km,1/1 Konektor Tersedia,"('22 kW',)","(1,)",2025-05-17 16:04:44
SPKLU ULP MEDAN SUNGGAL,"Jl. Bunga Raya No.11, Asam Kumbang, Kec. Medan Sunggal, Kota Medan, Sumatera Utara 20128",Buka 24 Jam,4.29,519.97 km,1/1 Konektor Tersedia,"('22 kW',)","(1,)",2025-05-17 15:58:05
SPKLU PLN ULP TANJUNGPANDAN,"Jl.Sekolah, Kecamatan Tanjungpandan, Kab Belitung Kepulauan Bangka Belitung 33512",Buka 24 Jam,5.00,755.42 km,1/1 Konektor Tersedia,"('22 kW',)","(1,)",2025-05-17 16:15:25
SPKLU PLN ULP BENGKALIS,"Jl. Antara, Rimba Sekampung, Kabupaten Bengkalis, Riau",Buka 24 Jam,5.00,213.91 km,1/1 Konektor Tersedia,"('30 kW',)","(1,)",2025-05-17 15:31:14
SPKLU PLN ULP Bagan Siapi Api,"Jl. Pahlawan, Bagan Tim., Kec. Bangko, Kabupaten Rokan Hilir",Buka 24 Jam,0.00,274.75 km,1/1 Konektor Tersedia,"('30 kW',)","(1,)",2025-05-17 15:33:06
SPKLU PLN CAMBRIDGE CITY SQUARE MEDAN,"Jl. S. Parman No.217, Petisah Tengah, Kec. Medan Petisah, Kota Medan, Sumatera Utara 20152",Buka 24 Jam,4.72,518.07 km,1/2 Konektor Tersedia,"('100 kW', '100 kW')","(1, 0)",2025-05-17 15:56:17
SPKLU Jaya Imperial Park,"Jaya Garden Polis, Jl. Raya Mauk KM. 11 Sepatan, Tangerang - Banten",Buka 24 Jam,4.47,873.23 km,2/2 Konektor Tersedia,"('22 kW', '4 kW')","(1, 1)",2025-05-17 16:34:27
SPKLU REST AREA 56A TOL Palembang - Prabumulih,"Ruas TOL Palembang - Prabumulih, Kabupaten Ogan Ilir, Sumatera Selatan",Buka 24 Jam,4.88,495.61 km,3/3 Konektor Tersedia,"('22 kW',)","(1,)",2025-05-17 15:52:02
SPKLU PLN ULP RIMO,"Jl. Iskandar Muda, Rimo, Kec. Gn Meriah, Kab. Aceh Singkil, Aceh, 24791",Buka 24 Jam,5.00,474.88 km,1/1 Konektor Tersedia,"('22 kW',)","(1,)",2025-05-17 15:46:04
SPKLU PLN REST AREA KM 65A,"Tanah Raja, Kec. Sei Rampah, Kabupaten Serdang Bedagai, Sumatera Utara 20986",Buka 24 Jam,5.00,489.20 km,2/2 Konektor Tersedia,"('A CCS2', 'B CCS2')","(1, 1)",2025-05-17 15:50:14
SPKLU PONGEK OR,"Jl. Khatib Sulaiman, Limbukan, Kec. Payakumbuh Sel., Kota Payakumbuh, Sumatera Barat 26225",Buka 24 Jam,5.00,76.82 km,1/1 Konektor Tersedia,"('22 kW',)","(1,)",2025-05-17 15:12:14
SPKLU PLN ULP TELUK DALAM,"Jl. Jenderal Ahmad Yani No.14, Ps. Tlk. Dalam, Kec. Tlk. Dalam, Kabupaten Nias Selatan, Sumatera Utara 22865",Buka 24 Jam,5.00,398.94 km,1/1 Konektor Tersedia,"('22 kW',)","(1,)",2025-05-17 15:39:57
SPKLU PLN PANDAN VIEW,"Jln. Mandeh, Ampang Pulai, Koto XI Tarusan, Kabupaten Pesisir Selatan, Sumatera Barat 25654",Buka 24 Jam,5.00,141.44 km,1/1 Konektor Tersedia,"('22 kW',)","(1,)",2025-05-17 15:26:27
SPKLU PLN ULP KISARAN,"Jl. Listrik No.1, Tegal Sari, Kec. Kota Kisaran Barat, Kabupaten Asahan, Sumatera Utara 21211",Buka 24 Jam,3.58,405.95 km,1/1 Konektor Tersedia,"('22 kW',)","(1,)",2025-05-17 15:41:05
SPKLU Perum Akasia FC,"Griya Inti Sentosa, Jl. Akasia Bukit Golf Mediterania",Buka 24 Jam,5.00,883.89 km,1/2 Konektor Tersedia,"('50 kW', '50 kW')","(1, 0)",2025-05-17 16:47:31
SPKLU KFC BUMI INDAH,"Jl. Raya Bumi Indah, Kuta Jaya, Kec. Ps. Kemis, Kabupaten Tangerang, Banten 15560",Buka 24 Jam,4.20,874.86 km,1/2 Konektor Tersedia,"('22 kW', '22 kW')","(1, 0)",2025-05-17 16:35:14
SPKLU PLN ULP SUNGAI PENUH,"Jl. RE Martadinata No.1 Kota Sungai Penuh, Jambi",Buka 24 Jam,3.50,197.94 km,1/1 Konektor Tersedia,"('22 kW',)","(1,)",2025-05-17 15:29:56
SPKLU PLN ICON + SBU SBT,"Jl. Soekarno - Hatta, Sidomulyo Tim., Kota Pekanbaru, Riau",Buka 24 Jam,3.17,81.63 km,1/1 Konektor Tersedia,"('30 kW',)","(1,)",2025-05-17 15:13:27
SPKLU Rest Area KM 36 A Pekanbaru - Bangkinang,"Jl. Tol Pekanbaru - Bangkinang KM 36 A, Muara Jalai, Kec. Bangkinang, Kabupaten Kampar, Riau 21184",Buka 24 Jam,4.50,81.29 km,3/3 Konektor Tersedia,"('50 kW', '50 kW', '22 kW')","(1, 1, 1)",2025-05-17 15:13:17
SPKLU PLN UID RIAU & KEPRI,"Labuh Baru Barat, Payung Sekaki, Kota Pekanbaru, Riau 28292",Buka 24 Jam,4.86,86.84 km,3/3 Konektor Tersedia,"('50 kW', '50 kW', '22 kW')","(1, 1, 1)",2025-05-17 15:16:17
SPKLU Mall Balekota,"Jl. Jenderal Sudirman No.3, RT.002/RW.012, Buaran Indah, Kec. Tangerang, Kota Tangerang, Banten 15119",Buka 24 Jam,4.75,881.88 km,2/2 Konektor Tersedia,"('22 kW', '22 kW')","(1, 1)",2025-05-17 16:43:08
SPKLU PLN HOTEL EMERSIA,"Jl. Hamka No.41Jorong Parak Juar, Jl. Hamka No.60, Baringin, Kec. Lima Kaum, Kabupaten Tanah Datar, Sumatera Barat 27211",Buka 24 Jam,5.00,81.96 km,1/1 Konektor Tersedia,"('22 kW',)","(1,)",2025-05-17 15:13:53
SPKLU PLN HILLPARK SIBOLANGIT,"Jl. Jamin Ginting, Sikeben, Kec. Sibolangit, Kabupaten Deli Serdang, Sumatera Utara 20357",Buka 24 Jam,3.50,498.38 km,1/1 Konektor Tersedia,"('25 kW',)","(1,)",2025-05-17 15:52:31
SPKLU PLN Kantor Jaga Membalong,"Desa Membalong, Kabupaten Belitung, Kepulauan Bangka Belitung 33452",Buka 24 Jam,0.00,773.57 km,1/1 Konektor Tersedia,"('22 kW',)","(1,)",2025-05-17 16:18:37
SPKLU KAMPUS UNAND 2 PYK,"Jl. Rangkayo Rasuna Said, Kubu Gadang, Kec. Payakumbuh Utara, Kota Payakumbuh, Sumatera Barat 26218",Buka 24 Jam,5.00,74.10 km,1/1 Konektor Tersedia,"('22 kW',)","(1,)",2025-05-17 15:11:07
SPKLU PLN ULP KURANJI,"Jl. By Pass, Sungai Sapih, Kec. Kuranji, Kota Padang, Sumatera Barat 25586",Buka 24 Jam,5.00,121.95 km,1/1 Konektor Tersedia,"('22 kW',)","(1,)",2025-05-17 15:21:43
SPKLU Rest Area KM 45 A Pekanbaru - Dumai,"Jl. Tol Pekanbaru - Dumai KM 45 A, Kandis, Kec. Kandis, Kabupaten Siak, Riau 26868",Buka 24 Jam,4.95,134.36 km,3/3 Konektor Tersedia,"('50 kW', '50 kW', '22 kW')","(1, 1, 1)",2025-05-17 15:24:53
SPKLU HOTEL BUNDA BUKITTINGGI,"Jl. Ahmad Karim No.17, Benteng Ps. Atas, Kec. Guguk Panjang, Kota Bukittinggi, Sumatera Barat 26136",Buka 24 Jam,4.75,104.39 km,1/1 Konektor Tersedia,"('4 kW',)","(1,)",2025-05-17 15:19:24
SPKLU PLN ULP Medan Kota,Jl. Listrik No. 8 Medan,Buka 24 Jam,4.74,517.62 km,5/6 Konektor Tersedia,"('7 kW', '22 kW', '25 kW', '25 kW', '30 kW', '30 kW')","(1, 0, 1, 1, 1, 1)",2025-05-17 15:55:27
SPKLU Rest Area 163-A Lampung Tengah,SPKLU Rest Area 163-A Lampung Tengah,Buka 24 Jam,4.82,651.19 km,4/4 Konektor Tersedia,"('22 kW', '22 kW', '60 kW', '60 kW')","(1, 1, 1, 1)",2025-05-17 16:08:06
SPKLU PLN UP3 LUBUK PAKAM,"Jl. Medan - Tebing Tinggi, Perbarakan, Kec. Pagar Merbau, Kabupaten Deli Serdang, Sumatera Utara 20551",Buka 24 Jam,4.98,502.46 km,2/2 Konektor Tersedia,"('22 kW', '25 kW')","(1, 1)",2025-05-17 15:52:51
SPKLU PLN ULP LIPAT KAIN,"Lipat Kain, Kec. Kampar Kiri, Kabupaten Kampar, Riau 28471",Buka 24 Jam,5.00,35.25 km,1/1 Konektor Tersedia,"('22 kW',)","(1,)",2025-05-17 15:08:53
SPKLU PLN ULP PANGKALPINANG,"Jl. Jend. Sudirman No. 180 Kota Pangkal Pinang, Kepulauan Bangka Belitung 33172",Buka 24 Jam,5.00,571.63 km,1/1 Konektor Tersedia,"('22 kW',)","(1,)",2025-05-17 16:02:21
SPKLU PLN UP3 SIGLI,"Jl. Tgk. Chik Di Tiro No.14, Aceh 24114",Buka 24 Jam,5.00,863.07 km,2/2 Konektor Tersedia,"('7 kW', '25 kW')","(1, 1)",2025-05-17 16:28:13
SPKLU REST AREA KM 116 A LAMPUNG TENGAH,"SPKLU Rest Area km 116 A, Bumi Ratu Nuban, Lampung Tengah",Buka 24 Jam,4.81,686.95 km,2/3 Konektor Tersedia,"('22 kW',)","(1,)",2025-05-17 16:08:42
SPKLU Duta Indah Residence,"Jalan Duta Arcadia, No.1, Perumahan Duta Indah Residence, Duta Sport Club, RT. 001/ RW. 021, Gebang Raya, Kec. Periuk, Kota Tangerang, Banten, 15132",Buka 24 Jam,4.43,877.78 km,1/1 Konektor Tersedia,"('7 kW',)","(1,)",2025-05-17 16:38:56
SPKLU Dealer Vinfast,"Jl. Raya Merdeka No. 175, Cimone Jaya, Kec. Karawaci, Kota Tangerang, Banten",Buka 24 Jam,0.00,880.38 km,2/2 Konektor Tersedia,"('22 kW', '22 kW')","(1, 1)",2025-05-17 16:41:35
SPKLU PLN Kantor Jaga Kelapa,"Jl. Raya Kayu Arang, Kec. Kelapa Kab. Bangka Barat",Buka 24 Jam,5.00,517.51 km,1/1 Konektor Tersedia,"('22 kW',)","(1,)",2025-05-17 15:54:59
SPKLU TRANSMART PEKANBARU A,"Jl. Musyawarah No.11, Labuh Baru Tim., Kec. Payung Sekaki, Kota Pekanbaru, Riau 28292",Buka 24 Jam,0.00,87.13 km,1/1 Konektor Tersedia,"('22 kW',)","(1,)",2025-05-17 15:16:43
SPKLU PLN UP3 BANTEN SELATAN,"Jl. RT Hardiwinangun No.41, Rangkasbitung Banten 42312",Buka 24 Jam,4.95,867.97 km,2/2 Konektor Tersedia,"('25 kW', '22 kW')","(1, 1)",2025-05-17 16:30:35
SPKLU PLN UP3 CIKOKOL,"Sukasari, Kec. Tangerang, Kota Tangerang, Banten 15118",Buka 24 Jam,4.84,882.20 km,2/4 Konektor Tersedia,"('7 kW', '7 kW', '100 kW', '100 kW')","(0, 1, 1, 0)",2025-05-17 16:43:51
SPKLU PLN UP3 BANGKINANG,"Jl. Bangkinang-Payakumbuh, Merangin, Kabupaten Kampar, Riau",Buka 24 Jam,5.00,77.19 km,2/2 Konektor Tersedia,"('50 kW', '50 kW')","(1, 1)",2025-05-17 15:12:24
SPKLU PLN ULP BAGAN BATU,"Bagan Batu, Kec. Bagan Sinembah, Torgamba, Kab. Labuhanbatu Selatan, Sumatera Utara",Buka 24 Jam,4.89,240.01 km,1/1 Konektor Tersedia,(),(),2025-05-17 15:32:04
SPKLU EV LOKA ORANGE GROVES PIK 2,"JL KH Mas Mansyur Salembaran, Kec Kosambi, Kab Tangerang Banten 15214",Buka 24 Jam,3.65,875.90 km,3/4 Konektor Tersedia,"('22 kW', '22 kW', '22 kW', '22 kW')","(1, 1, 1, 0)",2025-05-17 16:36:45
SPKLU Rest Area KM 45 Tol Merak - Tangerang,"Rest Area Merak-Jakarta Km. 45, Kp. Cigereng, Koper, Kec. Kresek, Kabupaten Tangerang, Banten 15620",Buka 24 Jam,4.10,865.17 km,1/1 Konektor Tersedia,"('25 kW',)","(1,)",2025-05-17 16:29:14
SPKLU PLN ULP BIREUEN,"Jalan Medan - Banda Aceh Cot Gapu, Geulanggang Baro, Kec. Kota Juang, Kabupaten Bireuen, Aceh 24261",Buka 24 Jam,3.29,792.06 km,2/2 Konektor Tersedia,"('50 kW', '50 kW')","(1, 1)",2025-05-17 16:19:07
SPKLU (ARISTA POWER) BYD SERANG,"Jl. Raya Serang - Cilegon KM 3 No. 8-9, Kel. Drangong Kec. Taktakan, Serang, Banten",Buka 24 Jam,4.74,839.02 km,1/2 Konektor Tersedia,(),(),2025-05-17 16:23:20
SPKLU PLN ULP UJUNG BATU,"Jl. Raya Ujung Batu - Bonai Darussalam, Ngaso, Kec. Ujung Batu, Kabupaten Rokan Hulu, Riau",Buka 24 Jam,5.00,139.19 km,1/1 Konektor Tersedia,"('22 kW',)","(1,)",2025-05-17 15:26:11
SPKLU HOTEL HOLIDAY INN LAMPUNG BUKIT RANDU,"Jl. Kamboja No.1, RW.2, Kb. Jeruk, Kec. Tanjungkarang Timur, Kota Bandar Lampung, Lampung 35121",Buka 24 Jam,4.20,718.29 km,2/2 Konektor Tersedia,"('22 kW', '22 kW')","(1, 1)",2025-05-17 16:11:34
SPKLU PLN ULP Muratara,"Lawang Agung, Kec. Rupit, Kab. Musi Rawas Utara, Sumatera Selatan",Buka 24 Jam,0.00,320.45 km,1/1 Konektor Tersedia,"('22 kW',)","(1,)",2025-05-17 15:36:11
SPKLU PLN UP3 NIAS GUNUNG SITOLI,"Jl. Gomo street No.21, kelurahan Pasar, Kec. Gunungsitoli, Kota Gunungsitoli, Sumatera Utara",Buka 24 Jam,5.00,445.69 km,1/1 Konektor Tersedia,"('22 kW',)","(1,)",2025-05-17 15:44:02
SPKLU PLN UP3 LHOKSEUMAWE,"JL. Merdeka, No. 2, Cunda, Lhokseumawe, Aceh",Buka 24 Jam,4.91,760.03 km,2/2 Konektor Tersedia,"('100 kW', '100 kW')","(1, 1)",2025-05-17 16:17:11
SPKLU PLN ULP BALAI SELASA,"Jl. Lintas Barat Sumatera, Pelangai, Kec. Ranah Pesisir, Kabupaten Pesisir Selatan, Sumatera Barat 25661",Buka 24 Jam,5.00,175.80 km,1/1 Konektor Tersedia,"('22 kW',)","(1,)",2025-05-17 15:29:16
SPKLU PLN ULP BLANG PIDIE,"Desa Pantai Perak, Susoh, Kabupaten Aceh Barat Daya, Aceh 237633",Buka 24 Jam,0.00,666.81 km,1/1 Konektor Tersedia,"('22 kW',)","(1,)",2025-05-17 16:08:17
SPKLU PLN PLTD SEUNEUBOK,"Meulaboh, Seuneubok, Kec. Johan Pahlawan, Kabupaten Aceh Barat, Aceh 23617",Buka 24 Jam,0.00,758.42 km,1/1 Konektor Tersedia,"('22 kW',)","(1,)",2025-05-17 16:16:46
SPKLU TRANSMART PALEMBANG CITY CENTRE,"Jl. Radial, 26 Ilir, Kec. Bukit Kecil, Kota Palembang, Sumatera Selatan 30127",Buka 24 Jam,5.00,485.91 km,1/1 Konektor Tersedia,"('22 kW',)","(1,)",2025-05-17 15:48:48
SPKLU PLN ULP MEULABOH KOTA,"Jl. Geureute I, Kuta Padang, Kec. Johan Pahlawan, Kab. Aceh Barat, Aceh",Buka 24 Jam,0.00,755.63 km,1/1 Konektor Tersedia,"('22 kW',)","(1,)",2025-05-17 16:15:40
SPKLU Mall Transmart Carrefour Bandar Lampung,"Jl. Sultan Agung No.283, Way Halim Permai, Kec. Way Halim, Kota Bandar Lampung, Lampung 35132",Buka 24 Jam,4.25,717.10 km,2/2 Konektor Tersedia,(),(),2025-05-17 16:11:21
SPKLU PLN ULP PANTON LABU,"Kota Panton Labu, Tanah Jambo Aye, Kabupaten Aceh Utara, Aceh 24394",Buka 24 Jam,5.00,733.82 km,1/1 Konektor Tersedia,"('22 kW',)","(1,)",2025-05-17 16:13:41
SPKLU PLN UID Banten,"Jl Jendral Sudirman No.1, Babakan, Sukasari, Tangerang, Banten",Buka 24 Jam,4.71,882.22 km,3/3 Konektor Tersedia,"('50 kW', '50 kW', '22 kW')","(1, 1, 1)",2025-05-17 16:44:21
SPKLU RM PAMATANG CARITA,"Jl. Raya Carita, Banjarmasin, Kec. Carita, Kab. Pandeglang, Banten",Buka 24 Jam,5.00,837.14 km,1/1 Konektor Tersedia,"('22 kW',)","(1,)",2025-05-17 16:23:06
SPKLU TRANSMART PANGKALPINANG,"Jl. Jendral Sudirman No.8, Taman Bunga, Kec. Gerunggang, Kota Pangkal Pinang, Kepulauan Bangka Belitung",Buka 24 Jam,4.00,572.25 km,2/2 Konektor Tersedia,"('22 kW', '22 kW')","(1, 1)",2025-05-17 16:03:01
SPKLU Aryana Karawaci,"Perum Aryana Karawaci, Suka Bakti, Kec. Curug, Kabupaten Tangerang, Banten",Buka 24 Jam,4.08,882.60 km,2/2 Konektor Tersedia,"('22 kW', '22 kW')","(1, 1)",2025-05-17 16:45:37
SPKLU ASTON LAMPUNG CITY HOTEL,"Jl. Gatot Subroto No.81, Garuntang, Kec. Telukbetung Selatan, Kota Bandar Lampung, Lampung 35228",Buka 24 Jam,4.83,722.02 km,2/2 Konektor Tersedia,"('22 kW', '22 kW')","(1, 1)",2025-05-17 16:12:29
SPKLU PLN UP3 SUBULUSSALAM,"Jl. Cut meutia rimo, Penanggalan, Kec. Penanggalan, Kota Subulussalam, Aceh 24783",Buka 24 Jam,5.00,486.94 km,2/2 Konektor Tersedia,"('25 kW', '22 kW')","(1, 1)",2025-05-17 15:49:07
SPKLU MASJID RAYA NAYLUS SYAADAH,"Jl. Adinegoro Km. 12, Batang Kabung, Koto Tangah, Batang Kabung Ganting, Padang, Kota Padang, Sumatera Barat 25586",Buka 24 Jam,5.00,125.36 km,1/1 Konektor Tersedia,"('22 kW',)","(1,)",2025-05-17 15:22:24
SPKLU PLN ULP TAIS,"Lubuk Kebur, Kec.Seluma, Kab.Seluma, Bengkulu 38878",Buka 24 Jam,5.00,443.33 km,1/1 Konektor Tersedia,"('22 kW',)","(1,)",2025-05-17 15:43:46
SPKLU PLN ULP SAWAHLUNTO,"Jl. Khatib Sulaiman, Santur, Kec. Barangin, Kota Sawahlunto, Sumatera Barat 27355",Buka 24 Jam,5.00,74.52 km,1/1 Konektor Tersedia,"('22 kW',)","(1,)",2025-05-17 15:11:23
SPKLU PLN ULP TELANAI PURA,"Jalan Kol. Amir Hamza Lrg. Selamat, Telanaipura, Jambi, Provinsi Jambi 36124",Buka 24 Jam,0.00,294.25 km,1/1 Konektor Tersedia,"('22 kW',)","(1,)",2025-05-17 15:34:22
SPKLU Budha Tzu Chi,"Area Parkir RS Budha Tu Chi, Cengkareng Tim., Kota Jakarta Barat, Daerah Khusus Ibukota Jakarta",Buka 24 Jam,2.00,885.07 km,0/2 Konektor Tersedia,"('22 kW', '22 kW')","(0, 0)",2025-05-17 16:49:24
SPKLU MALL PELAYANAN PUBLIK JAMBI,"Jalan Paal Lima, Kota Baru, Kota Jambi",Buka 24 Jam,5.00,296.47 km,1/1 Konektor Tersedia,"('22 kW',)","(1,)",2025-05-17 15:35:14
SPKLU Citra 8 (Danau),"Jl. Citra 7 No.7, RT.7/RW.11, Kalideres, Kec. Kalideres, Kota Jakarta Barat, Daerah Khusus Ibukota Jakarta 11840",Buka 24 Jam,3.72,881.13 km,1/3 Konektor Tersedia,"('22 kW', '22 kW', '22 kW')","(0, 0, 1)",2025-05-17 16:42:14
SPKLU PLN UPDL TUNTUNGAN,"Jl. Lap. Golf No.35, Kp. Tengah, Kec. Pancur Batu, Kabupaten Deli Serdang, Sumatera Utara 20353",Buka 24 Jam,5.00,514.66 km,1/1 Konektor Tersedia,"('22 kW',)","(1,)",2025-05-17 15:53:46
SPKLU PLN PADANG ARO,"Jl. Bangun Rejo, Lubuk Gadang Sel., Kec. Sangir, Kabupaten Solok Selatan, Sumatera Barat 27778",Buka 24 Jam,0.00,141.90 km,1/1 Konektor Tersedia,"('22 kW',)","(1,)",2025-05-17 15:26:53
SPKLU PELABUHAN MERAK,"Marak, Taman Sari, Pulo Merak, Cilegon, Banten",Buka 24 Jam,4.81,814.68 km,5/5 Konektor Tersedia,"('100 kW', '100 kW', '22 kW', '60 kW', '60 kW')","(1, 1, 1, 1, 1)",2025-05-17 16:20:23
SPKLU Perum Seion Serang,"Jl. KH Sulaeman No. 31 , Kagungan , Kec. Serang, Kota  Serang Banten",Buka 24 Jam,4.33,839.22 km,1/1 Konektor Tersedia,"('22 kW',)","(1,)",2025-05-17 16:23:30
SPKLU PLN ULP BATURAJA,"Jl. Jend. Ahmad Yani, Baturaja Lama, Kec. Baturaja Timur, Kabupaten Ogan Komering Ulu, Sumatera Selatan 32121",Buka 24 Jam,0.00,531.48 km,1/1 Konektor Tersedia,"('22 kW',)","(1,)",2025-05-17 15:59:41
SPKLU ULP CIKANDE,"Jl. Raya Serang – Jakarta KM. 11, Cikande, Gorda, Julang, Serang, Banten 42186",Buka 24 Jam,3.50,858.97 km,2/2 Konektor Tersedia,"('25 kW', '22 kW')","(1, 1)",2025-05-17 16:27:43
SPKLU PLN ULP TEBING TINGGI,"Jl Sekip, Kupang, Kec. Tebing Tinggi, Kab. Empat Lawang, Sumatera Selatan",Buka 24 Jam,5.00,416.24 km,1/1 Konektor Tersedia,"('22 kW',)","(1,)",2025-05-17 15:41:35
SPKLU PLN ULP MUARA TEBO,"Jl. H. Mansyur Desa Baru Muara Tebo, Kab Muara Tebo, Jambi",Buka 24 Jam,4.00,184.30 km,0/1 Konektor Tersedia,"('22 kW',)","(0,)",2025-05-17 15:29:40
SPKLU PLN ULP SRIBAWONO,"Jl. Raya No.93, Mataram Baru, Kec. Mataram Baru, Kabupaten Lampung Timur, Lampung 34199",Buka 24 Jam,3.00,742.68 km,1/1 Konektor Tersedia,"('22 kW',)","(1,)",2025-05-17 16:14:23
SPKLU PLN ULP MUARA DUA,"Jl. Ahmad Yani No.102, Bumi Agung, Kec. Muara Dua, Kabupaten Ogan Komering Ulu Selatan, Sumatera Selatan 32211",Buka 24 Jam,0.00,563.34 km,1/1 Konektor Tersedia,"('22 kW',)","(1,)",2025-05-17 16:01:11
SPKLU PLN ULP IDI,"JL. Medan - Banda Aceh, Gp. Tanoh Anou, Kab. Aceh Timur, Idi Rayeuk, Aceh, 24454",Buka 24 Jam,5.00,697.97 km,1/1 Konektor Tersedia,"('22 kW',)","(1,)",2025-05-17 16:09:34
SPKLU Kawasan Pusat Pemerintahan Provinsi Banten (KP3B),Kawasan Pusat Pemerintahan Provinsi Banten (KP3B),Buka 24 Jam,4.36,846.24 km,3/3 Konektor Tersedia,"('22 kW', '60 kW', '60 kW')","(1, 1, 1)",2025-05-17 16:25:48
SPKLU REST AREA KM 67 A Tol Bakauheni-Terbanggi Besar,"SPKLU REST AREA KM 67 A Tol Bakauheni-Terbanggi Besar,Serdang, Kec. Tj. Bintang, Kabupaten Lampung Selatan, Lampung 35361",Buka 24 Jam,0.00,728.82 km,1/1 Konektor Tersedia,"('22 kW',)","(1,)",2025-05-17 16:13:30
SPKLU PLN ULP MEDAN BARU,"Jl. Sei Batu Gingging Ps. X, Merdeka, Kec. Medan Baru, Kota Medan, Sumatera Utara 20154",Buka 24 Jam,4.95,517.77 km,2/2 Konektor Tersedia,"('7 kW', '22 kW')","(1, 1)",2025-05-17 15:56:01
SPKLU Tsahang,"Jl. Merdeka No.184, Batin Tikal, Kec. Taman Sari, Kota Pangkal Pinang, Kepulauan Bangka Belitung 33684",Buka 24 Jam,5.00,572.24 km,1/1 Konektor Tersedia,"('22 kW',)","(1,)",2025-05-17 16:02:47
SPKLU Taman AeroSport,"Jl. Kaharuddin Nst No.169c, Perhentian Marpoyan, Kota Pekanbaru, Riau",Buka 24 Jam,0.00,83.78 km,1/1 Konektor Tersedia,"('22 kW',)","(1,)",2025-05-17 15:14:24
SPKLU PLN UP3 MUARA BUNGO,"Jalan Sultan Thaha No. 771  Bungo Barat, Kec. Ps. Muara Bungo, Kabupaten Bungo, Jambi",Buka 24 Jam,5.00,161.49 km,3/3 Konektor Tersedia,"('7 kW', '120 kW', '120 kW')","(1, 1, 1)",2025-05-17 15:28:14
SPKLU PLN KIT SBS,"Jl. Demang Lebar Daun No.375, Palembang, Sumatera Selatan",Buka 24 Jam,5.00,483.76 km,1/1 Konektor Tersedia,"('7 kW',)","(1,)",2025-05-17 15:47:07
SPKLU HOTEL EMERALD MEDAN,"Jl. KL. Yos Sudarso No.1, Silalas, Kec. Medan Bar., Kota Medan, Sumatera Utara 20235",Buka 24 Jam,5.00,519.37 km,1/1 Konektor Tersedia,"('22 kW',)","(1,)",2025-05-17 15:57:33
SPKLU PLN UP3 SIBOLGA,"Jl. Dr. Ferdinand Lumban Tobing No.20, Huta Tonga Tonga, Kec. Sibolga Utara, Kota Sibolga, Sumatera Utara 22512",Buka 24 Jam,5.00,359.11 km,2/2 Konektor Tersedia,"('22 kW', '30 kW')","(1, 1)",2025-05-17 15:37:08
SPKLU Rest Area KM 65 B Pekanbaru - Dumai,"Jl. Tol Pekanbaru - Dumai No. KM 65 B, Tengganau, Kec. Pinggir, Kabupaten Bengkalis, Riau 28784",Buka 24 Jam,4.50,153.50 km,0/3 Konektor Tersedia,"('50 kW', '50 kW', '22 kW')","(0, 0, 0)",2025-05-17 15:27:44
SPKLU PLN UP3 BINJAI,"Jl. Tengku Amir Hamzah No.37, Pahlawan, Kec. Binjai Utara, Kota Binjai, Sumatera Utara 20748",Buka 24 Jam,4.38,531.80 km,3/3 Konektor Tersedia,"('7 kW', '30 kW', '30 kW')","(1, 1, 1)",2025-05-17 16:00:01
SPKLU PLN ULP TANJUNG UBAN,"Jalan Indunsuri, Kelurahan Tanjung Uban Selatan ,Kecamatan Bintan Utara, Kabupaten Bintan Provinsi Kepulauan Riau",Buka 24 Jam,5.00,358.12 km,1/1 Konektor Tersedia,"('4 kW',)","(1,)",2025-05-17 15:36:48
SPKLU PLN ULP KUALA TUNGKAL,"‎‎Jl‎. ‎Beringin No‎. ‎78 ‎Kec Tungkal Ilir, Kab Tanjung Jabung Barat, Jambi 36514‎",Buka 24 Jam,0.00,247.67 km,1/1 Konektor Tersedia,"('22 kW',)","(1,)",2025-05-17 15:32:14
SPKLU PLN ULP JEURAM,"Desa Simpang Peut, Kec. Kuala, Kabupaten Nagan Raya, Aceh 23681",Buka 24 Jam,0.00,739.89 km,1/1 Konektor Tersedia,"('22 kW',)","(1,)",2025-05-17 16:14:07
SPKLU MASJID AL IHSAN PANGKALAN,"Pangkalan, Kec. Pangkalan Koto Baru, Kabupaten Lima Puluh Kota, Sumatera Barat 26272",Buka 24 Jam,3.67,75.79 km,1/1 Konektor Tersedia,"('22 kW',)","(1,)",2025-05-17 15:11:59
SPKLU PLN KANTOR JAGA BADAU,"Jl. Badau, Kec.Badau, Belitung",Buka 24 Jam,5.00,758.72 km,1/1 Konektor Tersedia,"('22 kW',)","(1,)",2025-05-17 16:17:01
SPKLU PLN UP3 DUMAI,"Jl. Jend. Sudirman No.185b, Bintan, Kota Dumai, Riau",Buka 24 Jam,4.85,215.75 km,0/3 Konektor Tersedia,"('50 kW', '50 kW', '22 kW')","(0, 0, 0)",2025-05-17 15:31:24
SPKLU Kondominium Pantai Carita Utara,"Jl. Raya Labuan, Sukajadi, Kec Carita, Kabupaten Pandeglang, Banten",Buka 24 Jam,5.00,835.31 km,1/1 Konektor Tersedia,"('22 kW',)","(1,)",2025-05-17 16:22:35
SPKLU PLN ULP PADANG PANJANG,"Padang Panjang, Silaing Bawah, Kec. Padang Panjang Bar., Kota Padang Panjang, Sumatera Barat 27118",Buka 24 Jam,5.00,103.98 km,1/1 Konektor Tersedia,"('22 kW',)","(1,)",2025-05-17 15:18:58
SPKLU TANG AIA CAFE & RESTO,"Jl. Lintas Sumatera Tengah Nagari Kunangan Parit Rantang, Kamang Baru, Kabupaten Sijunjung, Sumatera Barat",Buka 24 Jam,5.00,66.66 km,1/1 Konektor Tersedia,"('22 kW',)","(1,)",2025-05-17 15:09:49
SPKLU PLN ULP LIMAPULUH,"Jl. Perintis Kemerdekaan, Lima Puluh Kota, Kec. Lima Puluh, Kabupaten Batu Bara, Sumatera Utara 21255",Buka 24 Jam,5.00,435.12 km,1/1 Konektor Tersedia,"('22 kW',)","(1,)",2025-05-17 15:42:35
SPKLU PLN ULP KOBA,"Jl. Listrik No. 001 Koba, Kabupaten Bangka Tengah, Kepulauan Bangka Belitung",Buka 24 Jam,5.00,617.85 km,1/1 Konektor Tersedia,"('22 kW',)","(1,)",2025-05-17 16:06:18
SPKLU PLN ULP KAKAP,"Jl Raya Sungai Kakap, Kec. Sungai Kakap, Kabupaten Kubu Raya, Kalimantan Barat 78381",Buka 24 Jam,0.00,878.39 km,1/1 Konektor Tersedia,"('7 kW',)","(1,)",2025-05-17 16:39:26
SPKLU PLN AIR BANGIS,"JL. H.BAKRI SULAIMAN, Aia Bangih, Sungai Beremas, West Pasaman Regency, Sumatra Barat 26573",Buka 24 Jam,5.00,220.61 km,1/1 Konektor Tersedia,"('22 kW',)","(1,)",2025-05-17 15:31:40
SPKLU PLN ULP BRASTAGI,"Jl. Udara No.7, Gundaling I, Berastagi, Gundaling I, Kec. Berastagi, Kab. Karo, Sumatera Utara",Buka 24 Jam,4.71,493.58 km,2/2 Konektor Tersedia,"('30 kW', '30 kW')","(1, 1)",2025-05-17 15:51:00
SPKLU KANTOR GUBERNUR SUMSEL,"Jl. Kapten A. Rivai No.3, Palembang, Sumatera Selatan",Buka 24 Jam,1.00,485.87 km,1/1 Konektor Tersedia,"('7 kW',)","(1,)",2025-05-17 15:48:37
