Nama SPKLU,Alamat,Waktu Operasi,Jam Buka,Jarak,Konektor,Charging Slots,Ketersediaan,Timestamp
SPKLU PLN UP3 PADANGSIDIMPUAN,"Jl. Raja Inal Siregar No.11A, Batunadua Jae, Kec. Padangsidimpuan Batunadua, Kota Padang Sidempuan, Sumatera Utara 22733",Buka 24 Jam,5.00,338.10 km,2/2 Konektor Tersedia,"('30 kW', '22 kW')","(1, 1)",2025-05-15 10:17:19
SPKLU PLN ULP PANGKALAN BALAI,"Pangkalan Balai, Banyuasin III, Kab. Banyuasin, Sumatera Selatan",Buka 24 Jam,3.50,405.35 km,1/1 Konektor Tersedia,"('22 kW',)","(1,)",2025-05-15 10:21:37
SPKLU (ARISTA POWER) BYD SERANG,"Jl. Raya Serang - Cilegon KM 3 No. 8-9, Kel. Drangong Kec. Taktakan, Serang, Banten",Buka 24 Jam,4.73,797.89 km,2/2 Konektor Tersedia,(),(),2025-05-15 11:06:02
SPKLU UJP Rest Area KM 45B Merak - Jakarta,"Jalan Tol Tangerang Merak KM 45, DS Pabuaran Kec. Jayanti Kab. Tangerang",Buka 24 Jam,4.59,823.45 km,5/5 Konektor Tersedia,"('160 kW', '160 kW', '60 kW', '60 kW', '22 kW')","(1, 1, 1, 1, 1)",2025-05-15 11:14:34
SPKLU DBROTHERS,"Jl. Tani No.20, Pasiran, Kec. Singkawang Bar., Kota Singkawang, Kalimantan Barat",Buka 24 Jam,5.00,819.78 km,1/1 Konektor Tersedia,"('22 kW',)","(1,)",2025-05-15 11:13:20
SPKLU PASAR SARASWATI,"Sudimara Bar., Kota Tangerang, Banten",Buka 24 Jam,5.00,848.25 km,0/1 Konektor Tersedia,"('22 kW',)","(0,)",2025-05-15 11:47:12
SPKLU PLN KP RAO,"Jl. Kp. Jawa, Taruang Taruang, Kec. Rao, Kabupaten Pasaman, Sumatera Barat 26353",Buka 24 Jam,5.00,218.11 km,1/1 Konektor Tersedia,"('22 kW',)","(1,)",2025-05-15 10:11:02
SPKLU PLN CAMBRIDGE CITY SQUARE MEDAN,"Jl. S. Parman No.217, Petisah Tengah, Kec. Medan Petisah, Kota Medan, Sumatera Utara 20152",Buka 24 Jam,4.71,557.88 km,2/2 Konektor Tersedia,"('100 kW', '100 kW')","(1, 1)",2025-05-15 10:44:07
SPKLU HOTEL NIAGARA PARAPAT,"Jl. Pembangunan No.1, Parapat, Kec. Girsang Sipangan Bolon, Kabupaten Simalungun, Sumatera Utara 21174",Buka 24 Jam,4.00,459.78 km,1/1 Konektor Tersedia,"('22 kW',)","(1,)",2025-05-15 10:29:52
SPKLU PLN UP3 TANJUNG KARANG,"Jl. Diponegoro No.14, Gotong Royong, Kec. Tj. Karang Pusat, Kota Bandar Lampung, Lampung 35213",Buka 24 Jam,4.86,678.98 km,3/3 Konektor Tersedia,"('4 kW', '50 kW', '50 kW')","(1, 1, 1)",2025-05-15 10:54:40
SPKLU PLN RS SITI RAHMAH,"Jl. By Pass No.KM.15, Aie Pacah, Kec. Koto Tangah, Kota Padang, Sumatera Barat 25586",Buka 24 Jam,0.00,156.73 km,3/3 Konektor Tersedia,"('50 kW', '50 kW', '22 kW')","(1, 1, 1)",2025-05-15 10:03:03
SPKLU PLN ULP Muratara,"Lawang Agung, Kec. Rupit, Kab. Musi Rawas Utara, Sumatera Selatan",Buka 24 Jam,0.00,283.30 km,1/1 Konektor Tersedia,"('22 kW',)","(1,)",2025-05-15 10:15:40
SPKLU PLN UP3 TELUKNAGA,"JL. Raya Mauk, Sepatan, Tangerang, Banten, 15520, Indonesia",Buka 24 Jam,5.00,828.72 km,2/2 Konektor Tersedia,"('7 kW', '22 kW')","(1, 1)",2025-05-15 11:17:49
SPKLU KANTOR DINAS ESDM,"Jl. Angkatan 45 No.2440, Palembang, Sumatera Selatan",Buka 24 Jam,0.00,439.55 km,1/1 Konektor Tersedia,"('7 kW',)","(1,)",2025-05-15 10:25:39
SPKLU PLN UP3 TANJUNGPINANG,"Jalan Bakar Batu, Kelurahan Kemboja, Kecamatan Tanjung Pinang Barat Kota Tanjungpinang Provinsi Kepulauan Riau",Buka 24 Jam,4.64,338.37 km,2/2 Konektor Tersedia,"('22 kW', '4 kW')","(1, 1)",2025-05-15 10:17:34
SPKLU PLN KP RIMBO DATA,"Tanjuang Balik, Kec. Pangkalan Koto Baru, Kabupaten Lima Puluh Kota, Sumatera Barat 26272",Buka 24 Jam,0.00,124.86 km,1/1 Konektor Tersedia,"('22 kW',)","(1,)",2025-05-15 09:58:07
SPKLU PLN ULP BALIGE,"Jl. Dr. T.D. Pardede No.14, Kec. Balige, Toba, Sumatera Utara 22312",Buka 24 Jam,5.00,424.44 km,3/3 Konektor Tersedia,"('22 kW', '60 kW', '60 kW')","(1, 1, 1)",2025-05-15 10:22:38
SPKLU REST AREA KM 306 PALEMBANG,Ruas Tol Terbangi Besar - Pematang Panggang  - Kayu Agung,Buka 24 Jam,4.48,495.49 km,3/3 Konektor Tersedia,"('22 kW', 'A CCS2', 'B CCS2')","(1, 1, 1)",2025-05-15 10:33:34
SPKLU PLN Kantor Jaga Sijuk,"Jl. Sekolah RT 002 RW 001 Desa Sijuk, Kabupaten Belitung, Kepulauan Bangka Belitung 33414",Buka 24 Jam,0.00,714.17 km,1/1 Konektor Tersedia,"('22 kW',)","(1,)",2025-05-15 10:59:25
SPKLU HOTEL BUNDA BUKITTINGGI,"Jl. Ahmad Karim No.17, Benteng Ps. Atas, Kec. Guguk Panjang, Kota Bukittinggi, Sumatera Barat 26136",Buka 24 Jam,4.75,150.72 km,1/1 Konektor Tersedia,"('4 kW',)","(1,)",2025-05-15 10:01:55
SPKLU PLN UP3 PEMATANGSIANTAR,"Jl. Kapten M.H. Sitorus No.1, Proklamasi, Kec. Siantar Bar., Kota Pematang Siantar, Sumatera Utara 21117",Buka 24 Jam,4.76,476.60 km,4/4 Konektor Tersedia,"('30 kW', '30 kW', '100 kW', '100 kW')","(1, 1, 1, 1)",2025-05-15 10:32:13
SPKLU PLN JAGA JEBUS,"Jl. Raya jebus Dn. Tambang 6, Ds. Mislak Kec. Jebus Kab. Bangka Barat",Buka 24 Jam,5.00,440.44 km,1/1 Konektor Tersedia,"('22 kW',)","(1,)",2025-05-15 10:27:01
SPKLU PLN ULP LUBUK LINGGAU,"Jl. Yos Sudarso No.5,  Kota Lubuk Linggau, Sumatera Selatan",Buka 24 Jam,5.00,342.12 km,3/3 Konektor Tersedia,"('22 kW', '60 kW', '60 kW')","(1, 1, 1)",2025-05-15 10:18:04
SPKLU KAMPUS UNAND 2 PYK,"Jl. Rangkayo Rasuna Said, Kubu Gadang, Kec. Payakumbuh Utara, Kota Payakumbuh, Sumatera Barat 26218",Buka 24 Jam,5.00,121.57 km,1/1 Konektor Tersedia,"('22 kW',)","(1,)",2025-05-15 09:56:58
SPKLU PLN UP3 CIKOKOL,"Sukasari, Kec. Tangerang, Kota Tangerang, Banten 15118",Buka 24 Jam,4.83,839.98 km,4/4 Konektor Tersedia,"('7 kW', '7 kW', '100 kW', '100 kW')","(1, 1, 1, 1)",2025-05-15 11:29:23
SPKLU Pasar 8 Suvarna Sutera,"Perumahan Suvarna Sutera, Jl. Suvarna Utama No.33A, Wana Kerta, Kec. Sindang Jaya, Kabupaten Tangerang, Banten",Buka 24 Jam,4.68,829.02 km,1/2 Konektor Tersedia,"('22 kW', '25 kW')","(1, 0)",2025-05-15 11:18:36
SPKLU Eco Business Park,Jl. Imam Bonjol No. 8 Bojong Jaya Kec. Karawaci Kota Tangerang,Buka 24 Jam,4.83,840.01 km,3/3 Konektor Tersedia,"('22 kW', '7 kW', '7 kW')","(1, 1, 1)",2025-05-15 11:29:55
SPKLU IDD PIK 2,"IDD (Indonesia Design District) PIK 2, Jl M.H. Thamrin No.61 Blok T2 Unit 52, Salembaran, Kec. Kosambi, Kabupaten Tangerang, Banten 15214",Buka 24 Jam,4.54,833.41 km,3/3 Konektor Tersedia,"('22 kW', '25 kW', '25 kW')","(1, 1, 1)",2025-05-15 11:22:36
SPKLU PLN ULP Bagan Siapi Api,"Jl. Pahlawan, Bagan Tim., Kec. Bangko, Kabupaten Rokan Hilir",Buka 24 Jam,0.00,302.43 km,1/1 Konektor Tersedia,"('30 kW',)","(1,)",2025-05-15 10:15:52
SPKLU PLN ULP PANGURURAN,"Jl. Kejaksan, Kabupaten Samosir, Sumatera Utara 22392",Buka 24 Jam,5.00,474.53 km,3/3 Konektor Tersedia,"('22 kW', '60 kW', '60 kW')","(1, 1, 1)",2025-05-15 10:31:23
SPKLU PLN ULP IDI,"JL. Medan - Banda Aceh, Gp. Tanoh Anou, Kab. Aceh Timur, Idi Rayeuk, Aceh, 24454",Buka 24 Jam,5.00,737.45 km,1/1 Konektor Tersedia,"('22 kW',)","(1,)",2025-05-15 11:00:58
SPKLU PLN UP3 BANGKA,"Jl. Jendral Sudirman No.180, Selindung Baru, Kec. Gabek, Kota Pangkal Pinang, Kepulauan Bangka Belitung 33172",Buka 24 Jam,5.00,523.15 km,2/2 Konektor Tersedia,(),(),2025-05-15 10:35:33
SPKLU Rest Area KM 215 B Tol Terpeka,"Rest Area KM 208 A Tol Terpeka, Bakauheni - Kayu Agung Rd, Mulya Sari, Gunung Agung, West Tulang Bawang Regency, Lampung 34684",Buka 24 Jam,4.25,569.26 km,1/1 Konektor Tersedia,"('22 kW',)","(1,)",2025-05-15 10:47:10
SPKLU PLN ULP PERAWANG,"Jl. Moh. Ali, Perawang Bar., Kec. Tualang, Kabupaten Siak, Riau",Buka 24 Jam,0.00,121.23 km,1/1 Konektor Tersedia,"('30 kW',)","(1,)",2025-05-15 09:55:55
SPKLU SKAY WAY COFFEE,"Jl. Raya Bukittinggi - Payakumbuh No.233, Pakan Sinayan, Kec. Payakumbuh Bar., Kota Payakumbuh, Sumatera Barat 26224",Buka 24 Jam,5.00,121.43 km,1/1 Konektor Tersedia,"('22 kW',)","(1,)",2025-05-15 09:56:12
SPKLU HOTEL MAHKOTA PONTIANAK,"Jl. Sidas No.8, Tengah, Pontianak Kota, Pontianak, Kalimantan Barat",Buka 24 Jam,5.00,848.90 km,1/1 Konektor Tersedia,"('22 kW',)","(1,)",2025-05-15 11:50:17
SPKLU Drive Thru Komasda,"Jl. Ahmad Yani, Tanjung Pandan, Kabupaten Belitung, Kepulauan Bangka Belitung 33412",Buka 24 Jam,5.00,709.51 km,1/1 Konektor Tersedia,"('22 kW',)","(1,)",2025-05-15 10:58:28
SPKLU PLN UPDL TUNTUNGAN,"Jl. Lap. Golf No.35, Kp. Tengah, Kec. Pancur Batu, Kabupaten Deli Serdang, Sumatera Utara 20353",Buka 24 Jam,5.00,555.11 km,1/1 Konektor Tersedia,"('22 kW',)","(1,)",2025-05-15 10:41:27
SPKLU PLN KANTOR JAGA PAYUNG,"Jl. Ahmad Yani, Payung, Bangka Selatan, Kepulauan Bangka Belitung 33778",Buka 24 Jam,0.00,548.76 km,1/1 Konektor Tersedia,"('22 kW',)","(1,)",2025-05-15 10:40:47
SPKLU Aryana Karawaci,"Perum Aryana Karawaci, Suka Bakti, Kec. Curug, Kabupaten Tangerang, Banten",Buka 24 Jam,4.08,840.67 km,2/2 Konektor Tersedia,"('22 kW', '22 kW')","(1, 1)",2025-05-15 11:31:47
SPKLU PELABUHAN BAKAUHENI,"Bakauheni, Kabupaten Lampung Selatan, Lampung",Buka 24 Jam,5.00,751.17 km,2/2 Konektor Tersedia,"('22 kW', '22 kW')","(1, 1)",2025-05-15 11:01:20
SPKLU HVT HARCO MANGGA DUA,"Marco Mangga Dua, Ancol, Kec. Pademangan, Jakarta Utara, DKI Jakarta 14430",Buka 24 Jam,4.76,849.30 km,3/3 Konektor Tersedia,"('50 kW', '50 kW', '22 kW')","(1, 1, 1)",2025-05-15 11:52:12
SPKLU SPBU KEBON NANAS,"Jl. MH. Thamrin, RT.001/RW.001, Panunggangan Utara, Kec. Pinang, Kota Tangerang, Banten 15143",Buka 24 Jam,4.00,841.94 km,2/2 Konektor Tersedia,"('7 kW', '22 kW')","(1, 1)",2025-05-15 11:34:10
SPKLU PLN ULP TEUNOM,"Desa Panton, Kec. Teunom, Kabupaten Aceh Jaya, Aceh 23653",Buka 24 Jam,0.00,848.85 km,1/1 Konektor Tersedia,"('22 kW',)","(1,)",2025-05-15 11:50:07
SPKLU Alun-Alun Rangkasbitung,"Jl. Alun-alun Rangkasbitung, Lebak Banten",Buka 24 Jam,3.29,827.43 km,1/1 Konektor Tersedia,"('7 kW',)","(1,)",2025-05-15 11:16:58
SPKLU PLN UP3 PAYAKUMBUH,"Jl. Raya Bukittinggi - Payakumbuh 48, Daya Bangun, Kec. Payakumbuh Bar., Kota Payakumbuh, Sumatera Barat 26218",Buka 24 Jam,4.69,122.80 km,3/3 Konektor Tersedia,"('50 kW', '50 kW', '22 kW')","(1, 1, 1)",2025-05-15 09:57:10
SPKLU BANDARA CITY MALL,"Jl. Wijaya Kusuma 3 No. 21 Dadap, Kec. Kosambi, Kabupaten Tangerang, Banten",Buka 24 Jam,2.59,835.92 km,2/2 Konektor Tersedia,(),(),2025-05-15 11:24:28
SPKLU PLN MESJID SYUHADA PALANGKI,"Simpang 4 palangki, Koto Baru, Kec. IV Nagari, Kabupaten Sijunjung, Sumatera Barat 27564",Buka 24 Jam,5.00,97.27 km,1/1 Konektor Tersedia,"('22 kW',)","(1,)",2025-05-15 09:50:26
SPKLU ULP MEDAN SUNGGAL,"Jl. Bunga Raya No.11, Asam Kumbang, Kec. Medan Sunggal, Kota Medan, Sumatera Utara 20128",Buka 24 Jam,4.29,560.08 km,1/1 Konektor Tersedia,"('22 kW',)","(1,)",2025-05-15 10:45:55
SPKLU PLN ULP LIMAPULUH,"Jl. Perintis Kemerdekaan, Lima Puluh Kota, Kec. Lima Puluh, Kabupaten Batu Bara, Sumatera Utara 21255",Buka 24 Jam,5.00,472.27 km,1/1 Konektor Tersedia,"('22 kW',)","(1,)",2025-05-15 10:30:55
SPKLU PLN BANDARA MINANG KABAU,"Jl. Katapiang, Kec. Batang Anai, Kabupaten Padang Pariaman, Sumatera Barat 25586 (P7)",Buka 24 Jam,5.00,164.36 km,1/1 Konektor Tersedia,"('22 kW',)","(1,)",2025-05-15 10:06:33
SPKLU PLN TRANSMART PADANG,"Jl. Khatib Sulaiman No.85, Ulak Karang Sel., Kec. Padang Utara, Kota Padang, Sumatera Barat 25137",Buka 24 Jam,5.00,160.89 km,2/2 Konektor Tersedia,"('22 kW', '22 kW')","(1, 1)",2025-05-15 10:04:37
SPKLU HOTEL SIBAYAK BERASTAGI,"Jl. Merdeka, Gundaling I, Kec. Berastagi, Kabupaten Karo, Sumatera Utara 22156",Buka 24 Jam,4.79,536.70 km,1/1 Konektor Tersedia,"('22 kW',)","(1,)",2025-05-15 10:39:21
SPKLU KANTOR YANTEK PLN UP3 KEBON JERUK,KANTOR YANTEK PLN UP3 KEBON JERUK,Buka 24 Jam,4.61,848.83 km,3/3 Konektor Tersedia,"('22 kW', '22 kW', '22 kW')","(1, 1, 1)",2025-05-15 11:49:49
SPKLU PLN ULP LUBUK SIKAPING,"Jl. Ratulangi 13, Pauah, Kec. Lubuk Sikaping, Kabupaten Pasaman, Sumatera Barat 26318",Buka 24 Jam,5.00,182.98 km,1/1 Konektor Tersedia,"('22 kW',)","(1,)",2025-05-15 10:08:05
SPKLU UNAND,"Jl. Lingkar Universitas Andalas, Limau Manis, Kec. Pauh, Kota Padang, Sumatera Barat 25176",Buka 24 Jam,4.75,150.60 km,3/3 Konektor Tersedia,"('50 kW', '50 kW', '22 kW')","(1, 1, 1)",2025-05-15 10:01:26
SPKLU Hotel Narita Tangerang,"Jl. KH. Hasyim Ashari No.63-65, Cipondoh, Kec. Karang Tengah, Kota Tangerang, Banten 15157",Buka 24 Jam,4.86,842.86 km,3/3 Konektor Tersedia,"('7 kW', '7 kW', '22 kW')","(1, 1, 1)",2025-05-15 11:35:09
SPKLU PLN ULP BANGKINANG,"Jl. Langgini, Kec. Bangkinang, Kabupaten Kampar, Riau",Buka 24 Jam,5.00,113.92 km,1/1 Konektor Tersedia,(),(),2025-05-15 09:54:35
SPKLU THE TRADERS MEDAN,"Jl. Kapten Patimura No.423, Darat, Kec. Medan Baru, Kota Medan, Sumatera Utara 20153",Buka 24 Jam,5.00,557.16 km,1/1 Konektor Tersedia,"('22 kW',)","(1,)",2025-05-15 10:42:33
SPKLU PLN ULP SRIBAWONO,"Jl. Raya No.93, Mataram Baru, Kec. Mataram Baru, Kabupaten Lampung Timur, Lampung 34199",Buka 24 Jam,3.00,700.70 km,1/1 Konektor Tersedia,"('22 kW',)","(1,)",2025-05-15 10:56:49
SPKLU PLN AIR BANGIS,"JL. H.BAKRI SULAIMAN, Aia Bangih, Sungai Beremas, West Pasaman Regency, Sumatra Barat 26573",Buka 24 Jam,5.00,268.95 km,1/1 Konektor Tersedia,"('22 kW',)","(1,)",2025-05-15 10:15:13
SPKLU HOTEL ASTON SERANG,"Jl. Syekh Moh. Nawawi Albantani No. 29, Cilaku, Kec. Curug, Kota Serang",Buka 24 Jam,5.00,805.67 km,1/2 Konektor Tersedia,"('22 kW', '22 kW')","(1, 0)",2025-05-15 11:11:28
SPKLU IT PLN,"Jl. Duri Cengkareng Raya No.3, Duri Kosambi, Kecamatan Cengkareng, Kota Jakarta Barat, DKI Jakarta 11750",Buka 24 Jam,4.64,844.79 km,1/1 Konektor Tersedia,"('25 kW',)","(1,)",2025-05-15 11:38:30
SPKLU PLN ULP BATURAJA,"Jl. Jend. Ahmad Yani, Baturaja Lama, Kec. Baturaja Timur, Kabupaten Ogan Komering Ulu, Sumatera Selatan 32121",Buka 24 Jam,0.00,492.05 km,1/1 Konektor Tersedia,"('22 kW',)","(1,)",2025-05-15 10:33:01
SPKLU RSU Bhakti Asih,"Jl. Raden Saleh Blok Lurah No.55C, RT.001/RW.004, Karang Tengah, Kec. Karang Tengah, Kota Tangerang, Banten 15157",Buka 24 Jam,4.30,847.65 km,1/1 Konektor Tersedia,"('22 kW',)","(1,)",2025-05-15 11:45:24
SPKLU TRANSMART PALEMBANG CITY CENTRE,"Jl. Radial, 26 Ilir, Kec. Bukit Kecil, Kota Palembang, Sumatera Selatan 30127",Buka 24 Jam,5.00,440.28 km,1/1 Konektor Tersedia,"('22 kW',)","(1,)",2025-05-15 10:26:44
SPKLU REST AREA KM 49-A LAMPUNG,"REST AREA KM 49A JL TRANS SUMATERA, LAMPUNG",Buka 24 Jam,3.88,704.57 km,2/5 Konektor Tersedia,"('50 kW', '50 kW', '22 kW', 'A CCS2', 'B CCS2')","(0, 0, 0, 1, 1)",2025-05-15 10:57:22
SPKLU PLN ULP LIPAT KAIN,"Lipat Kain, Kec. Kampar Kiri, Kabupaten Kampar, Riau 28471",Buka 24 Jam,5.00,75.50 km,1/1 Konektor Tersedia,"('22 kW',)","(1,)",2025-05-15 09:48:38
SPKLU HVT Rest Area KM 14B,"Jl. Tol Merak Jakarta KM 14, Kunciran Jaya, Kec. Pinang Kota Tangerang",Buka 24 Jam,4.54,845.04 km,3/3 Konektor Tersedia,"('22 kW', '60 kW', '60 kW')","(1, 1, 1)",2025-05-15 11:39:48
SPKLU PLN UP3 CIKUPA,"Jl. Raya Serang , KM 17,2 Cikupa, Kabupaten Tangerang, Banten 15710",Buka 24 Jam,5.00,833.41 km,1/2 Konektor Tersedia,"('7 kW', '22 kW')","(1, 0)",2025-05-15 11:22:58
SPKLU PLN HILLPARK SIBOLANGIT,"Jl. Jamin Ginting, Sikeben, Kec. Sibolangit, Kabupaten Deli Serdang, Sumatera Utara 20357",Buka 24 Jam,3.50,539.72 km,1/1 Konektor Tersedia,"('25 kW',)","(1,)",2025-05-15 10:39:38
SPKLU PLN UP3 BANTEN SELATAN,"Jl. RT Hardiwinangun No.41, Rangkasbitung Banten 42312",Buka 24 Jam,4.94,827.09 km,2/2 Konektor Tersedia,"('25 kW', '22 kW')","(1, 1)",2025-05-15 11:16:21
SPKLU PLN ULP MUARA BELITI,"Desa Muara Beliti Baru, Muara Beliti, Kab.Musi Rawas  Sumsel  31661",Buka 24 Jam,0.00,343.96 km,1/1 Konektor Tersedia,"('22 kW',)","(1,)",2025-05-15 10:18:44
SPKLU Maggiore Junction,"Cihuni, Pagedangan, Tangerang Regency, Banten 15332",Buka 24 Jam,1.00,846.79 km,1/1 Konektor Tersedia,"('22 kW',)","(1,)",2025-05-15 11:42:59
SPKLU PLN UP3 LHOKSEUMAWE,"JL. Merdeka, No. 2, Cunda, Lhokseumawe, Aceh",Buka 24 Jam,4.91,801.02 km,2/2 Konektor Tersedia,"('100 kW', '100 kW')","(1, 1)",2025-05-15 11:06:56
SPKLU PLN ULP PENDOPO,"Jalan Merdeka Talang Ubi Selatan Pendopo, Kab. Penukal Abab Lematang Ilir, Sumatera Selatan 31212",Buka 24 Jam,0.00,394.86 km,1/1 Konektor Tersedia,"('22 kW',)","(1,)",2025-05-15 10:20:48
SPKLU LAMPUNG CITY MALL,"Jl. Yos Sudarso No.80, Bumi Waras, Kec. Bumi Waras, Kota Bandar Lampung",Buka 24 Jam,4.82,682.12 km,1/1 Konektor Tersedia,"('22 kW',)","(1,)",2025-05-15 10:55:12
SPKLU PLN ULP KISARAN,"Jl. Listrik No.1, Tegal Sari, Kec. Kota Kisaran Barat, Kabupaten Asahan, Sumatera Utara 21211",Buka 24 Jam,3.58,442.45 km,1/1 Konektor Tersedia,"('22 kW',)","(1,)",2025-05-15 10:27:35
SPKLU PLN ULP KABANJAHE,"Jl. Veteran, Sumber Mufakat, Kec. Kabanjahe, Kabupaten Karo, Sumatera Utara 22152",Buka 24 Jam,5.00,530.14 km,1/1 Konektor Tersedia,"('22 kW',)","(1,)",2025-05-15 10:38:19
SPKLU PLN ULP JEURAM,"Desa Simpang Peut, Kec. Kuala, Kabupaten Nagan Raya, Aceh 23681",Buka 24 Jam,0.00,785.09 km,1/1 Konektor Tersedia,"('22 kW',)","(1,)",2025-05-15 11:04:53
SPKLU PLN ULP SIJUNJUNG,"Muaro, Kecamaten Sijunjung, Kabupaten Sijunjung, Sumatera Barat 27513",Buka 24 Jam,5.00,88.56 km,1/1 Konektor Tersedia,"('22 kW',)","(1,)",2025-05-15 09:49:32
SPKLU PLN UP3 LANGSA,"Jl. Jend. Ahmad Yani No.6, Gp. Jawa, Langsa Kota, Aceh",Buka 24 Jam,4.50,682.89 km,3/3 Konektor Tersedia,"('22 kW', '100 kW', '100 kW')","(1, 1, 1)",2025-05-15 10:55:49
SPKLU PLN ULP SEI RAMPAH,"Jl. Medan - Tebing Tinggi No.300, Firdaus, Kec. Sei Rampah, Kabupaten Serdang Bedagai, Sumatera Utara 20995",Buka 24 Jam,0.00,519.59 km,1/1 Konektor Tersedia,"('22 kW',)","(1,)",2025-05-15 10:34:39
SPKLU PT SPE,"Pegadungan, Kota Jakarta Barat, Daerah Khusus Ibukota Jakarta",Buka 24 Jam,0.00,839.02 km,2/2 Konektor Tersedia,"('22 kW', '22 kW')","(1, 1)",2025-05-15 11:27:36
SPKLU KFC BUMI INDAH,"Jl. Raya Bumi Indah, Kuta Jaya, Kec. Ps. Kemis, Kabupaten Tangerang, Banten 15560",Buka 24 Jam,4.20,832.81 km,2/2 Konektor Tersedia,"('22 kW', '22 kW')","(1, 1)",2025-05-15 11:21:13
SPKLU PLN ULP Tanjungpinang Kota,"Jalan Ir Sutami, Kelurahan Tanjung Pinang Timur, Kecamatan Bukit Bestari Kota Tanjungpinang Provinsi Kepulauan Riau",Buka 24 Jam,5.00,338.55 km,2/2 Konektor Tersedia,"('22 kW', '4 kW')","(1, 1)",2025-05-15 10:17:54
SPKLU SIDE WALK COFFEE,"Jl. Jendral Sudirman.279 Payolinyam, Kaning Bukik, Kota Payakumbuh, Sumatera Barat 26217",Buka 24 Jam,0.00,121.50 km,1/1 Konektor Tersedia,"('22 kW',)","(1,)",2025-05-15 09:56:24
SPKLU PLN UP3 PEKANBARU,Jl. DR Setia Budhi No 57 Pekanbaru,Buka 24 Jam,4.81,109.82 km,2/3 Konektor Tersedia,"('50 kW', '50 kW', '22 kW')","(1, 1, 0)",2025-05-15 09:53:50
SPKLU Rest Area KM 20 A Tol Bakauheni-Terbanggi Besar,"Rest Area KM 20 A Tol Bakauheni-Terbanggi Besar, Kuripan, Kec. Penengahan, Kabupaten Lampung Selatan, Lampung 35592",Buka 24 Jam,4.85,732.83 km,3/3 Konektor Tersedia,"('22 kW',)","(1,)",2025-05-15 11:00:47
SPKLU AZ-KO,"Jl Raya Citra, Tegal Alur, Kota Jakarta Barat, Daerah Khusus Ibukota Jakarta",Buka 24 Jam,5.00,840.30 km,2/3 Konektor Tersedia,"('22 kW', '22 kW', '22 kW')","(1, 0, 1)",2025-05-15 11:31:13
SPKLU PLN ULP UJUNG BATU,"Jl. Raya Ujung Batu - Bonai Darussalam, Ngaso, Kec. Ujung Batu, Kabupaten Rokan Hulu, Riau",Buka 24 Jam,5.00,181.85 km,1/1 Konektor Tersedia,"('22 kW',)","(1,)",2025-05-15 10:07:54
SPKLU PLN ULP MUARA DUA,"Jl. Ahmad Yani No.102, Bumi Agung, Kec. Muara Dua, Kabupaten Ogan Komering Ulu Selatan, Sumatera Selatan 32211",Buka 24 Jam,0.00,525.83 km,1/1 Konektor Tersedia,"('22 kW',)","(1,)",2025-05-15 10:36:34
SPKLU Transmart Graha Raya,"Jl. Boulevard Graha Raya, Bintaro, Paku Jaya, Kec. Serpong Utara, Kota Tangerang Selatan, Banten 15324",Buka 24 Jam,4.73,847.14 km,1/2 Konektor Tersedia,"('22 kW', '22 kW')","(1, 0)",2025-05-15 11:44:06
SPKLU Taman AeroSport,"Jl. Kaharuddin Nst No.169c, Perhentian Marpoyan, Kota Pekanbaru, Riau",Buka 24 Jam,0.00,102.36 km,1/1 Konektor Tersedia,"('22 kW',)","(1,)",2025-05-15 09:51:12
SPKLU PLN UP3 SOLOK,"Jl. Prof Dr Hamka, Kota Solok, Sumatera Barat",Buka 24 Jam,4.85,125.70 km,2/3 Konektor Tersedia,"('22 kW', '25 kW', '25 kW')","(1, 0, 1)",2025-05-15 09:58:54
SPKLU KANTOR BUPATI PASAMAN,"Jl. Jend. Sudirman, Pauah, Kec. Lubuk Sikaping, Kabupaten Pasaman, Sumatera Barat 26318",Buka 24 Jam,0.00,183.43 km,1/1 Konektor Tersedia,"('22 kW',)","(1,)",2025-05-15 10:08:22
SPKLU PLN ULP AMPERA,"Jl. Gub. H.A. Bastari  Jakabaring, Palembang, Sumatera Selatan",Buka 24 Jam,4.88,444.76 km,1/1 Konektor Tersedia,"('7 kW',)","(1,)",2025-05-15 10:27:45
SPKLU PLN UP3 DUMAI,"Jl. Jend. Sudirman No.185b, Bintan, Kota Dumai, Riau",Buka 24 Jam,4.85,233.04 km,3/3 Konektor Tersedia,"('50 kW', '50 kW', '22 kW')","(1, 1, 1)",2025-05-15 10:11:57
SPKLU PLN ULP BRASTAGI,"Jl. Udara No.7, Gundaling I, Berastagi, Gundaling I, Kec. Berastagi, Kab. Karo, Sumatera Utara",Buka 24 Jam,4.71,535.43 km,2/2 Konektor Tersedia,(),(),2025-05-15 10:39:10
SPKLU MASJID AL IHSAN PANGKALAN,"Pangkalan, Kec. Pangkalan Koto Baru, Kabupaten Lima Puluh Kota, Sumatera Barat 26272",Buka 24 Jam,5.00,123.59 km,1/1 Konektor Tersedia,"('22 kW',)","(1,)",2025-05-15 09:57:27
SPKLU Ashta Arcade Blok B,"Jl. Raya Rajeg, Sindang Panon, Sindang Jaya, Kab. Tangerang, Banten",Buka 24 Jam,5.00,829.85 km,1/1 Konektor Tersedia,"('22 kW',)","(1,)",2025-05-15 11:19:07
SPKLU PLN ULP TOBOALI,"Jl. Puput No. 001 Toboali, Kabupaten Bangka Selatan, Kepulauan Bangka Belitung 33783",Buka 24 Jam,5.00,601.27 km,3/3 Konektor Tersedia,"('22 kW', '50 kW', '50 kW')","(1, 1, 1)",2025-05-15 10:48:42
SPKLU PLN ULP MEULABOH KOTA,"Jl. Geureute I, Kuta Padang, Kec. Johan Pahlawan, Kab. Aceh Barat, Aceh",Buka 24 Jam,0.00,801.05 km,1/1 Konektor Tersedia,"('22 kW',)","(1,)",2025-05-15 11:07:28
SPKLU PLN ULP MENTOK,"JL. Jenderan Basuki Rachmat, Air Belo, Mentok, Kabupaten Bangka Barat, Kepulauan Bangka Belitung 33351",Buka 24 Jam,5.00,424.59 km,3/3 Konektor Tersedia,"('7 kW', '100 kW', '100 kW')","(1, 1, 1)",2025-05-15 10:23:10
SPKLU Grand Batavia,"Puri Jaya Batavia Jl. Raya Cadas - Kukun, Sindangsari, Pasar Kemis, Kabupaten Tangerang",Buka 24 Jam,4.69,828.92 km,0/1 Konektor Tersedia,(),(),2025-05-15 11:18:15
SPKLU PLN ULP SEKAYU,"Jl. Kopral Hanafiah, Serasan Jaya, Kec. Sekayu, Kabupaten Musi Banyuasin, Sumatera Selatan 30711",Buka 24 Jam,5.00,360.64 km,1/1 Konektor Tersedia,"('22 kW',)","(1,)",2025-05-15 10:19:29
"SPKLU HVT Rest Area Pinang KM 13,5","Ruas Tol Jakarta - Tangerang Km. 13,5 A, RT.001/RW.007, Pinang, Kota Tangerang, Banten",Buka 24 Jam,4.21,845.41 km,2/5 Konektor Tersedia,"('22 kW', '60 kW', '60 kW', '60 kW', '60 kW')","(1, 1, 0, 0, 0)",2025-05-15 11:40:17
SPKLU PLN PADANG ARO,"Jl. Bangun Rejo, Lubuk Gadang Sel., Kec. Sangir, Kabupaten Solok Selatan, Sumatera Barat 27778",Buka 24 Jam,0.00,136.54 km,1/1 Konektor Tersedia,"('22 kW',)","(1,)",2025-05-15 10:00:06
PLN Kantor Jaga Belinyu,"Kuto Panji, Kec Belinyu (Kantor Jaga Belinyu) Kabupaten Bangka, Kepulauan Bangka Belitung",Buka 24 Jam,4.33,473.60 km,1/1 Konektor Tersedia,"('22 kW',)","(1,)",2025-05-15 10:31:12
SPKLU PLN ULP GEBANG,"Jl. Medan Banda Aceh 67, Pekan Gebang, Kec. Gebang, Kabupaten Langkat, Sumatera Utara 20857",Buka 24 Jam,5.00,612.68 km,1/1 Konektor Tersedia,"('22 kW',)","(1,)",2025-05-15 10:49:51
SPKLU Flavor Bliss Suvarna Sutera,"Jl. Suvarna Sutera Blvd, Suka Harja, Kec. Sindang Jaya, Kabupaten Tangerang, Banten 15560",Buka 24 Jam,4.63,830.59 km,2/2 Konektor Tersedia,"('22 kW', '25 kW')","(1, 1)",2025-05-15 11:19:49
SPKLU (ARISTA POWER) BYD BSD CITY,"BSD City Serpong Kavling De Park, Jl. BSD Raya Utama Lot 1, Lengkong Kulon, Kec. Pagedangan, Kabupaten Tangerang, Banten 15331",Buka 24 Jam,4.77,847.77 km,0/4 Konektor Tersedia,(),(),2025-05-15 11:45:58
SPKLU Perum Akasia FC,"Griya Inti Sentosa, Jl. Akasia Bukit Golf Mediterania",Buka 24 Jam,5.00,841.27 km,0/2 Konektor Tersedia,"('50 kW', '50 kW')","(0, 0)",2025-05-15 11:33:08
SPKLU REST AREA KM 67 A Tol Bakauheni-Terbanggi Besar,"SPKLU REST AREA KM 67 A Tol Bakauheni-Terbanggi Besar,Serdang, Kec. Tj. Bintang, Kabupaten Lampung Selatan, Lampung 35361",Buka 24 Jam,0.00,688.30 km,1/1 Konektor Tersedia,"('22 kW',)","(1,)",2025-05-15 10:56:32
SPKLU HOTEL MAHKOTA SINGKAWANG,"Jl. P. Diponegoro No.1, Pasiran, Kec. Singkawang Bar., Kota Singkawang, Kalimantan Barat 79122",Buka 24 Jam,5.00,821.21 km,1/1 Konektor Tersedia,"('22 kW',)","(1,)",2025-05-15 11:13:38
SPKLU HOTEL MAESTRO PONTIANAK,"Jl. Slt. Abdurrahman No. 72-74, Akcaya, kec. Pontianak Sel., Kota Pontianak, Kalimantan Barat",Buka 24 Jam,4.44,848.49 km,1/1 Konektor Tersedia,"('7 kW',)","(1,)",2025-05-15 11:48:35
SPKLU PLN KANTOR BUPATI PESSEL,"Jl. Agus Salim, Painan, Kec. Iv Jurai, Kabupaten Pesisir Selatan, Sumatera Barat 25651",Buka 24 Jam,5.00,163.13 km,3/3 Konektor Tersedia,"('50 kW', '50 kW', '22 kW')","(1, 1, 1)",2025-05-15 10:06:16
SPKLU PLN HOTEL EMERSIA,"Jl. Hamka No.41Jorong Parak Juar, Jl. Hamka No.60, Baringin, Kec. Lima Kaum, Kabupaten Tanah Datar, Sumatera Barat 27211",Buka 24 Jam,5.00,125.50 km,1/1 Konektor Tersedia,"('22 kW',)","(1,)",2025-05-15 09:58:33
SPKLU Tsahang,"Jl. Merdeka No.184, Batin Tikal, Kec. Taman Sari, Kota Pangkal Pinang, Kepulauan Bangka Belitung 33684",Buka 24 Jam,5.00,523.75 km,1/1 Konektor Tersedia,"('22 kW',)","(1,)",2025-05-15 10:35:51
SPKLU MITRA ANDA,"Jl. Hasanuddin, Sungai Jawi Dalam, Kec. Pontianak Bar., Kota Pontianak, Kalimantan Barat 78244",Buka 24 Jam,5.00,848.33 km,1/1 Konektor Tersedia,"('22 kW',)","(1,)",2025-05-15 11:47:46
SPKLU PLN UP3 RENGAT,"Jl. Lintas Timur, Desa Sungai Dawu, Kec. Rengat Barat - Indragiri Hulu",Buka 24 Jam,4.74,80.13 km,0/2 Konektor Tersedia,"('A CCS2', 'B CCS2')","(0, 0)",2025-05-15 09:49:04
SPKLU Dealer Vinfast,"Jl. Raya Merdeka No. 175, Cimone Jaya, Kec. Karawaci, Kota Tangerang, Banten",Buka 24 Jam,0.00,838.22 km,2/2 Konektor Tersedia,"('22 kW', '22 kW')","(1, 1)",2025-05-15 11:26:48
SPKLU Club House Puri 11,"Pd. Pucung, Kota Tangerang, Banten",Buka 24 Jam,2.60,846.47 km,2/2 Konektor Tersedia,"('22 kW', '22 kW')","(1, 1)",2025-05-15 11:42:31
SPKLU PLN ULP MALINGPING,"Jl. Raya Saketi - Malingping No. 88,  Rahong,  Kec Malingping,  Kab Lebak,  Banten",Buka 24 Jam,5.00,849.04 km,1/1 Konektor Tersedia,"('22 kW',)","(1,)",2025-05-15 11:50:50
SPKLU KOTA SUTERA,"Kawasan Perumahan Kota Sutera Jl Raya Cadas Kukun No 189 Kp Leles Sindangsari Pasar Kemis, Kabupaten Tangerang, Banten",Buka 24 Jam,5.00,828.30 km,0/1 Konektor Tersedia,"('7 kW',)","(0,)",2025-05-15 11:17:16
SPKLU PLN UP3 SUBULUSSALAM,"Jl. Cut meutia rimo, Penanggalan, Kec. Penanggalan, Kota Subulussalam, Aceh 24783",Buka 24 Jam,5.00,532.18 km,2/2 Konektor Tersedia,"('25 kW', '22 kW')","(1, 1)",2025-05-15 10:38:55
SPKLU PLN ULP LUBUK BASUNG,"Lubuk Basung, Kec. Lubuk Basung, Kabupaten Agam, Sumatera Barat 26452",Buka 24 Jam,0.00,187.82 km,1/1 Konektor Tersedia,"('22 kW',)","(1,)",2025-05-15 10:08:49
SPKLU ALOHA PIK 2,"Jl. Laksamana Yos Sudarsono PIK 2, Dadap, Kec. Kosambi, Kabupaten Tangerang, Banten",Buka 24 Jam,4.44,836.00 km,5/7 Konektor Tersedia,"('22 kW', '22 kW', '22 kW', '100 kW', '100 kW', 'A CCS2', 'B CCS2')","(1, 1, 1, 1, 0, 1, 0)",2025-05-15 11:24:58
SPKLU Kampus IT PLN,"Menara PLN, Jl. Lkr. Luar Barat Lantai 2, RT.1/RW.1, Duri Kosambi, Kecamatan Cengkareng, Kota Jakarta Barat, Daerah Khusus Ibukota Jakarta 11750",Buka 24 Jam,4.25,844.74 km,0/1 Konektor Tersedia,"('22 kW',)","(0,)",2025-05-15 11:38:11
SPKLU PT Indomobil Trada Nasional,"Jl. Pantai Indah Selatan No.1, Penjaringan, Jakarta Utara, DKI Jakarta 14460",Buka 24 Jam,4.77,843.25 km,4/4 Konektor Tersedia,"('22 kW', '22 kW', '25 kW', '25 kW')","(1, 1, 1, 1)",2025-05-15 11:36:04
SPKLU PLN ZILA CAFE,"Jl. Padang - Alahan Panjang, Simpang Tj. Nan IV, Kec. Danau Kembar, Kabupaten Solok, Sumatera Barat 27383",Buka 24 Jam,5.00,128.53 km,1/1 Konektor Tersedia,"('22 kW',)","(1,)",2025-05-15 09:59:26
SPKLU PLN UPK Bangka Belitung,Jl. Lintas Timur Desa Air Anyir Kec. Merawang Kabupaten Bangka Prov. Kep. Bangka Belitung,Buka 24 Jam,5.00,526.23 km,1/1 Konektor Tersedia,"('25 kW',)","(1,)",2025-05-15 10:36:49
SPKLU PLN ULP MUARA ENIM,"Jl. Sultan Mahmud Badaruddin II, Kelurahan Air Lintang, Kec. Muara Enim, Kabupaten Muara Enim, Sumatera Selatan 31314",Buka 24 Jam,4.13,425.69 km,3/3 Konektor Tersedia,"('22 kW', '100 kW', '100 kW')","(1, 1, 1)",2025-05-15 10:23:27
SPKLU Rest Area KM 208 A Tol Terpeka,"Rest Area KM 208 A Tol Terpeka, Warga Indah Jaya, Kec. Banjar Agung, Kab. Tulang Bawang, Lampung 34684",Buka 24 Jam,4.50,574.75 km,1/1 Konektor Tersedia,"('22 kW',)","(1,)",2025-05-15 10:48:00
SPKLU PLN ULP PANDEGLANG,"Jl. Jenderal Ahmad Yani No.11, Curug Sawer, Kec. Pandeglang, Kabupaten Pandeglang, Banten 42211",Buka 24 Jam,5.00,812.92 km,2/2 Konektor Tersedia,"('22 kW', '22 kW')","(1, 1)",2025-05-15 11:12:31
SPKLU PLN SENTRALAND MEDAN,"Jl. Nikel, Sukaramai II, Kec. Medan Area, Kota Medan, Sumatera Utara 20224",Buka 24 Jam,4.91,555.43 km,1/1 Konektor Tersedia,"('22 kW',)","(1,)",2025-05-15 10:41:44
SPKLU UP3 BELITUNG,"Jl. Ahmad Yani No.111, Belitung, Kepulauan Bangka Belitung",Buka 24 Jam,4.84,709.53 km,3/3 Konektor Tersedia,"('50 kW', '50 kW', '22 kW')","(1, 1, 1)",2025-05-15 10:58:45
SPKLU PLN REST AREA KM 65A,"Tanah Raja, Kec. Sei Rampah, Kabupaten Serdang Bedagai, Sumatera Utara 20986",Buka 24 Jam,5.00,527.23 km,2/2 Konektor Tersedia,"('A CCS2', 'B CCS2')","(1, 1)",2025-05-15 10:37:34
SPKLU Kejaksaan Negeri Jakarta Barat,"Kembangan Utara, Kota Jakarta Barat, Daerah Khusus Ibukota Jakarta",Buka 24 Jam,4.00,846.97 km,2/2 Konektor Tersedia,"('22 kW', '22 kW')","(1, 1)",2025-05-15 11:43:33
SPKLU PLN ULP TALUK KUANTAN,"Ps. Taluk, Kec. Kuantan Tengah, Kabupaten Kuantan Singingi, Riau 29566",Buka 24 Jam,4.85,20.46 km,3/3 Konektor Tersedia,"('50 kW', '50 kW', '22 kW')","(1, 1, 1)",2025-05-15 09:47:49
SPKLU SARUNI JAYA SWALAYAN,"Jl. Raya Labuan - Pandeglang, Saruni, Kec. Majasari Kabupaten Pandeglang, Banten",Buka 24 Jam,5.00,813.97 km,1/1 Konektor Tersedia,"('22 kW',)","(1,)",2025-05-15 11:12:48
SPKLU Paramount Petals Club House,"Jl. Boulevard Paramount Petals, Cukang Galih, Tangerang Regency, Banten",Buka 24 Jam,3.57,839.19 km,1/1 Konektor Tersedia,"('22 kW',)","(1,)",2025-05-15 11:27:53
SPKLU PLN ULP SEI DURI,"Jl. Sumbawa No.98A, Sungai Duri, Kec. Sungai Raya, Kabupaten Bengkayng Kalimantan Barat 79271",Buka 24 Jam,0.00,810.39 km,1/1 Konektor Tersedia,"('7 kW',)","(1,)",2025-05-15 11:11:39
SPKLU PLN ULP PADANG PANJANG,"Padang Panjang, Silaing Bawah, Kec. Padang Panjang Bar., Kota Padang Panjang, Sumatera Barat 27118",Buka 24 Jam,5.00,147.81 km,1/1 Konektor Tersedia,"('22 kW',)","(1,)",2025-05-15 10:01:16
SPKLU RUMAH BUMN JAMBI,Jl. Sukarno Hatta No.35-36 Paal Merah Pasir Putih Jambi Selatan Jambi,Buka 24 Jam,5.00,251.29 km,1/1 Konektor Tersedia,"('7 kW',)","(1,)",2025-05-15 10:14:29
SPKLU PLN ULP PEMANGKAT,"Jl. Moh. Hambal, Pemangkat Kota, Kec. Pemangkat, Kabupaten Sambas, Kalimantan Barat 79453",Buka 24 Jam,5.00,826.84 km,1/1 Konektor Tersedia,"('7 kW',)","(1,)",2025-05-15 11:15:59
SPKLU PLN ULP PANGKALAN BRANDAN,"Brandan Tim. Baru, Kec. Babalan, Kabupaten Langkat, Sumatera Utara 20881",Buka 24 Jam,4.00,621.71 km,1/1 Konektor Tersedia,"('22 kW',)","(1,)",2025-05-15 10:50:02
SPKLU WISMA PLN BUKITTINGGI,"Jl. Ahmad Karim No.16, Benteng Ps. Atas, Kec. Guguk Panjang, Kota Bukittinggi, Sumatera Barat 26136",Buka 24 Jam,4.88,150.69 km,1/1 Konektor Tersedia,"('22 kW',)","(1,)",2025-05-15 10:01:43
SPKLU PLN ULP BINTUHAN,"Jalan Padang Genteng, Kaur Selatan, Kab. Kaur, Bengkulu 38963",Buka 24 Jam,4.33,516.67 km,1/1 Konektor Tersedia,"('22 kW',)","(1,)",2025-05-15 10:34:28
SPKLU PLN ULP KURANJI,"Jl. By Pass, Sungai Sapih, Kec. Kuranji, Kota Padang, Sumatera Barat 25586",Buka 24 Jam,5.00,156.21 km,1/1 Konektor Tersedia,"('22 kW',)","(1,)",2025-05-15 10:02:37
SPKLU PLN ICON + SBU SBT,"Jl. Soekarno - Hatta, Sidomulyo Tim., Kota Pekanbaru, Riau",Buka 24 Jam,3.17,102.14 km,1/1 Konektor Tersedia,"('30 kW',)","(1,)",2025-05-15 09:50:54
SPKLU REST AREA 68A,"Jalan Tol Tangerang Merak KM 68 A Kec Cipocok Jaya Kota Serang, Banten",Buka 24 Jam,4.05,804.79 km,5/5 Konektor Tersedia,"('7 kW', '30 kW', '30 kW', 'A CCS2', 'B CCS2')","(1, 1, 1, 1, 1)",2025-05-15 11:10:50
SPKLU PLN ULP TANJUNG UBAN,"Jalan Indunsuri, Kelurahan Tanjung Uban Selatan ,Kecamatan Bintan Utara, Kabupaten Bintan Provinsi Kepulauan Riau",Buka 24 Jam,5.00,324.80 km,1/1 Konektor Tersedia,"('4 kW',)","(1,)",2025-05-15 10:16:47
SPKLU PLN ULP BAGAN BATU,"Bagan Batu, Kec. Bagan Sinembah, Torgamba, Kab. Labuhanbatu Selatan, Sumatera Utara",Buka 24 Jam,4.88,275.83 km,1/1 Konektor Tersedia,"('30 kW',)","(1,)",2025-05-15 10:15:24
SPKLU PLAZA ANDALAS,"Jalan Pemuda ( Plaza Andalas Lt.2 No.11 Kel, Jl. Blk. Olo, Olo, Kec. Padang Bar., Kota Padang, Sumatera Barat",Buka 24 Jam,0.00,162.52 km,1/1 Konektor Tersedia,"('22 kW',)","(1,)",2025-05-15 10:06:00
SPKLU PLN ULP SAWAHLUNTO,"Jl. Khatib Sulaiman, Santur, Kec. Barangin, Kota Sawahlunto, Sumatera Barat 27355",Buka 24 Jam,5.00,110.90 km,1/1 Konektor Tersedia,"('22 kW',)","(1,)",2025-05-15 09:54:08
SPKLU PLN KP PANTI,"Jl lintas Panti, Panti, Kabupaten Pasaman, Sumatera Barat 26352",Buka 24 Jam,0.00,205.19 km,1/1 Konektor Tersedia,"('22 kW',)","(1,)",2025-05-15 10:10:09
SPKLU OPI MALL,"Jalan Gubernur H.A.Bastari, Sungai Kedukan, Kec. Rambutan Kab. Banyu Asin Provinsi Sumsel",Buka 24 Jam,0.00,447.90 km,1/2 Konektor Tersedia,"('22 kW', '30 kW')","(0, 1)",2025-05-15 10:28:35
SPKLU The Campus Coffee and Eatery,"Jl. Pinang, Pabuaran, Kec. Tigaraksa, Kabupaten Tangerang, Banten",Buka 24 Jam,5.00,835.10 km,1/1 Konektor Tersedia,"('22 kW',)","(1,)",2025-05-15 11:23:41
SPKLU PLN ULP KOTA PINANG,"Jl. Lintas Sumatra, Kota Pinang, Kec. Kota Pinang, Kab. Labuhanbatu Selatan, Sumatera Utara 21464",Buka 24 Jam,0.00,313.84 km,1/1 Konektor Tersedia,"('22 kW',)","(1,)",2025-05-15 10:16:30
SPKLU MALL BOEMI KEDATON,"Jl. Teuku Umar No.1, Labuhan Ratu, Kec. Kedaton, Kota Bandar Lampung, Lampung 35132",Buka 24 Jam,3.63,675.23 km,1/2 Konektor Tersedia,"('25 kW', '22 kW')","(1, 0)",2025-05-15 10:53:05
SPKLU PLN UP3 CENGKARENG,"Jl Peta Selatan No.39, Cengkareng, Jakarta Barat, DKI Jakarta 11750",Buka 24 Jam,4.25,844.94 km,0/2 Konektor Tersedia,"('7 kW', '22 kW')","(0, 0)",2025-05-15 11:39:36
SPKLU MASJID H. ALIUS,"Koto Gaek Guguak, Kec. Gn. Talang, Kabupaten Solok, Sumatera Barat 27365",Buka 24 Jam,5.00,136.07 km,1/1 Konektor Tersedia,"('22 kW',)","(1,)",2025-05-15 09:59:55
SPKLU Pelindo Regional 2 Tanjung Pandan,"Jl. Pelabuhan Tanjungpandan No.1, Tj. Pandan, Kec. Tj. Pandan, Kabupaten Belitung, Kepulauan Bangka Belitung 33411",Buka 24 Jam,5.00,706.35 km,1/1 Konektor Tersedia,"('22 kW',)","(1,)",2025-05-15 10:57:51
SPKLU PLN UIW SUMBAR,"Jl. Dr. Wahidin No. 8 Sawahan, Kota Padang, Sumatera Barat",Buka 24 Jam,4.91,160.63 km,3/3 Konektor Tersedia,"('22 kW', '60 kW', '60 kW')","(1, 1, 1)",2025-05-15 10:04:06
SPKLU PLN KP BONJOL,"Jalan Trans Sumatera Bukittinggi - Padang Sidempuan No. 93, Ganggo Hilia, Bonjol, Ganggo Mudiak, Kec. Bonjol, Kabupaten Pasaman, Sumatera Barat 26381",Buka 24 Jam,0.00,172.65 km,1/1 Konektor Tersedia,"('22 kW',)","(1,)",2025-05-15 10:07:01
SPKLU Terrace 8 Suvarna Sutera,"Wana Kerta, Sindang Jaya, Tangerang Regency, Banten 15560",Buka 24 Jam,4.57,829.03 km,1/2 Konektor Tersedia,"('7 kW', '22 kW')","(1, 0)",2025-05-15 11:18:51
SPKLU REST AREA KM 311 PALEMBANG,Ruas Tol Terbangi Besar - Pematang Panggang  - Kayu Agung,Buka 24 Jam,4.31,491.27 km,3/3 Konektor Tersedia,"('22 kW', '120 kW', '120 kW')","(1, 1, 1)",2025-05-15 10:32:44
SPKLU PLN ULP INDARUNG,"Jl. Padang - Bengkulu, Batung Taba Nan XX, Kec. Lubuk Begalung, Kota Padang, Sumatera Barat 25154",Buka 24 Jam,5.00,159.16 km,1/1 Konektor Tersedia,"('22 kW',)","(1,)",2025-05-15 10:03:21
SPKLU Rest Area KM 172-B Tulang Bawang Barat,"Rest Area KM 172-B Tulang Bawang Barat, Lampung",Buka 24 Jam,4.44,602.02 km,0/4 Konektor Tersedia,"('22 kW', '50 kW', '50 kW', '22 kW')","(0, 0, 0, 0)",2025-05-15 10:49:03
SPKLU Terrace 9A Suvarna Sutera,"Jl. Suvarna Jati Barat, Warna Kerta, Sindang Jaya, Kab. Tangerang, Banten",Buka 24 Jam,4.64,828.86 km,1/1 Konektor Tersedia,"('22 kW',)","(1,)",2025-05-15 11:18:06
SPKLU PLN ULP PEMATANGSIANTAR,"Jl. Kapten M.H. Sitorus No.1, Proklamasi, Kec. Siantar Bar., Kota Pematang Siantar, Sumatera Utara 21117",Buka 24 Jam,5.00,476.46 km,1/1 Konektor Tersedia,"('22 kW',)","(1,)",2025-05-15 10:31:40
SPKLU PLN ULP Medan Kota,Jl. Listrik No. 8 Medan,Buka 24 Jam,4.74,557.39 km,6/6 Konektor Tersedia,"('7 kW', '22 kW', '25 kW', '25 kW', '30 kW', '30 kW')","(1, 1, 1, 1, 1, 1)",2025-05-15 10:43:18
SPKLU PLN ULP BLANG PIDIE,"Desa Pantai Perak, Susoh, Kabupaten Aceh Barat Daya, Aceh 237633",Buka 24 Jam,0.00,711.86 km,1/1 Konektor Tersedia,"('22 kW',)","(1,)",2025-05-15 10:59:13
SPKLU PLN UJUNG GADING,"JL. NUSANTARA BARAT, Ujung Gading, Lembah Malintang, West Pasaman Regency, West Sumatra 26572",Buka 24 Jam,0.00,252.66 km,1/1 Konektor Tersedia,"('22 kW',)","(1,)",2025-05-15 10:14:56
SPKLU PLN UP3 Cengkareng Pondok Randu,"Jl Pondok Randu No.10, Cengkareng, Kota Jakarta Barat, Daerah Khusus Ibukota Jakarta 11750",Buka 24 Jam,3.60,844.90 km,1/1 Konektor Tersedia,"('7 kW',)","(1,)",2025-05-15 11:38:53
SPKLU PLN ULP Tebing Tinggi,"Jl. Jend. Sudirman No.287, Badak Bejuang, Tebing Tinggi Kota, Sumatera Utara",Buka 24 Jam,4.70,503.34 km,5/5 Konektor Tersedia,"('22 kW', '25 kW', '25 kW', '50 kW', '50 kW')","(1, 1, 1, 1, 1)",2025-05-15 10:33:59
SPKLU PLN UID LAMPUNG,"Jl. ZA. Pagar Alam No.5, Rajabasa, Kota Banjar Lampung, Lampung 35144",Buka 24 Jam,4.88,671.68 km,3/3 Konektor Tersedia,"('100 kW', '100 kW', '22 kW')","(1, 1, 1)",2025-05-15 10:52:27
SPKLU Apartemen Aeropolis,"Jl. Aeropolis, RT.001/RW.004, Banten, Kec. Neglasari, Kota Tangerang, Banten 15129",Buka 24 Jam,4.47,835.86 km,3/3 Konektor Tersedia,"('25 kW', '25 kW', '22 kW')","(1, 1, 1)",2025-05-15 11:24:13
SPKLU KANTOR GUBERNUR BABEL,"Jl. Pulau Bangka, Air Itam, Kec. Bukitintan, Kota Pangkal Pinang, Kepulauan Bangka Belitung 33684",Buka 24 Jam,5.00,529.95 km,1/1 Konektor Tersedia,"('22 kW',)","(1,)",2025-05-15 10:38:07
SPKLU REST AREA KM 68 B Tol Merak - Tangerang,"Banjaragung, Kec. Cipocok Jaya, Kota Serang, Banten 42122",Buka 24 Jam,3.55,804.59 km,5/5 Konektor Tersedia,"('60 kW', '60 kW', '22 kW', '30 kW', '30 kW')","(1, 1, 1, 1, 1)",2025-05-15 11:10:30
SPKLU Perum Akasia MC,"Griya Inti Sentosa, Jl. Akasia Bukit Golf Mediterania",Buka 24 Jam,4.18,841.27 km,3/4 Konektor Tersedia,"('22 kW', '22 kW', '22 kW', '22 kW')","(0, 1, 1, 1)",2025-05-15 11:32:50
SPKLU PLN ULP SUNGAILIAT,Jl.Jend A Yani jalur 2 Sungailiat Kab Bangka,Buka 24 Jam,5.00,515.07 km,1/1 Konektor Tersedia,"('22 kW',)","(1,)",2025-05-15 10:34:11
SPKLU PLN ULP SIMPANG EMPAT,"Lingkuang Aua, Pasaman, West Pasaman Regency, West Sumatra 26566",Buka 24 Jam,5.00,218.03 km,1/1 Konektor Tersedia,"('22 kW',)","(1,)",2025-05-15 10:10:45
SPKLU PLN ULP TELANAI PURA,"Jalan Kol. Amir Hamza Lrg. Selamat, Telanaipura, Jambi, Provinsi Jambi 36124",Buka 24 Jam,0.00,246.82 km,1/1 Konektor Tersedia,(),(),2025-05-15 10:12:44
SPKLU PLN HOTEL HARPER MEDAN,"Jl. K.H. Wahid Hasyim No.53 / 72, Babura, Kec. Medan Baru, Kota Medan, Sumatera Utara 20154",Buka 24 Jam,5.00,558.20 km,0/1 Konektor Tersedia,"('22 kW',)","(0,)",2025-05-15 10:44:58
SPKLU PLN ULP PAGAR ALAM,"Jalan Ulu Rurah, Pagar Alam Selatan, Kota Pagar Alam, Sumatera Selatan",Buka 24 Jam,0.00,435.04 km,1/1 Konektor Tersedia,"('22 kW',)","(1,)",2025-05-15 10:24:18
SPKLU PLN ULP SINGKARAK,"Sumani, X Koto Singkarak, Solok Regency, West Sumatra 27356",Buka 24 Jam,5.00,128.79 km,1/1 Konektor Tersedia,"('22 kW',)","(1,)",2025-05-15 09:59:38
SPKLU PLN ULP MUARA AMAN,"Jalan Pangeran Zainal Abidin , Kab. Lebong, Bengkulu",Buka 24 Jam,0.00,303.93 km,1/1 Konektor Tersedia,"('22 kW',)","(1,)",2025-05-15 10:16:08
SPKLU HOTEL SANTIKA LAHAT,"Jl. Lubuk Beringin No.138, Kel.Manggul, Kec. Lahat, Kabupaten Lahat, Sumatera Selatan",Buka 24 Jam,5.00,424.47 km,1/1 Konektor Tersedia,"('22 kW',)","(1,)",2025-05-15 10:22:48
SPKLU REST AREA KM 116 B LAMPUNG TENGAH,"SPKLU Rest Area km 116 B, Bumi Ratu Nuban, Lampung Tengah",Buka 24 Jam,4.66,646.28 km,3/3 Konektor Tersedia,"('22 kW',)","(1,)",2025-05-15 10:50:46
SPKLU PLN UP3 MUARA BUNGO,"Jalan Sultan Thaha No. 771  Bungo Barat, Kec. Ps. Muara Bungo, Kabupaten Bungo, Jambi",Buka 24 Jam,5.00,126.03 km,3/3 Konektor Tersedia,"('7 kW', '120 kW', '120 kW')","(1, 1, 1)",2025-05-15 09:59:10
SPKLU ASTON LAMPUNG CITY HOTEL,"Jl. Gatot Subroto No.81, Garuntang, Kec. Telukbetung Selatan, Kota Bandar Lampung, Lampung 35228",Buka 24 Jam,4.83,681.90 km,2/2 Konektor Tersedia,"('22 kW', '22 kW')","(1, 1)",2025-05-15 10:55:01
SPKLU LA PIT STOP CAR WASH,"Jl. Raya Padang - Bukittinggi, Lubuk Alung, Kec. Lubuk Alung, Kabupaten Padang Pariaman, Sumatera Barat 25582",Buka 24 Jam,5.00,161.40 km,1/1 Konektor Tersedia,"('22 kW',)","(1,)",2025-05-15 10:05:49
SPKLU PLN ULP LANGSA KOTA,"Jl. Jend. A.Yani No.6, Kota Langsa, Aceh 24375",Buka 24 Jam,3.00,682.76 km,1/1 Konektor Tersedia,"('7 kW',)","(1,)",2025-05-15 10:55:28
SPKLU PLN ULP SEBERANG KOTA,"Komplek Perkantoran Kabupaten Muaro Jambi, Bukit Balin g, Sekernan, Kab. Muaro Jambi , Jambi 36381",Buka 24 Jam,0.00,230.66 km,1/1 Konektor Tersedia,(),(),2025-05-15 10:11:28
SPKLU PLN UP3 NIAS GUNUNG SITOLI,"Jl. Gomo street No.21, kelurahan Pasar, Kec. Gunungsitoli, Kota Gunungsitoli, Sumatera Utara",Buka 24 Jam,5.00,494.11 km,1/1 Konektor Tersedia,"('22 kW',)","(1,)",2025-05-15 10:33:13
SPKLU PLN ULP BIREUEN,"Jalan Medan - Banda Aceh Cot Gapu, Geulanggang Baro, Kec. Kota Juang, Kabupaten Bireuen, Aceh 24261",Buka 24 Jam,3.29,834.09 km,2/2 Konektor Tersedia,"('50 kW', '50 kW')","(1, 1)",2025-05-15 11:23:10
SPKLU KANTOR UP3 METRO,"Jl. Letjend Alamsyah Ratu Prawira Negara, Metro, Kec. Metro Pusat, Kota Metro, Lampung 34124",Buka 24 Jam,5.00,656.07 km,2/2 Konektor Tersedia,"('50 kW', '50 kW')","(1, 1)",2025-05-15 10:51:25
SPKLU PANTAI MUTIARA,"Jalan Pantai Mutiara T, Pluit, Kec. Penjaringan, Jakarta Utara, Daerah Khusus Ibukota Jakarta 14450",Buka 24 Jam,0.00,843.90 km,1/1 Konektor Tersedia,(),(),2025-05-15 11:36:40
SPKLU PLN ULP KOTA BARAT,"Jl. Dirgantara Timur No.59, Sidomulyo Tim., Kec. Marpoyan Damai, Kota Pekanbaru, Riau 28289",Buka 24 Jam,5.00,104.52 km,1/1 Konektor Tersedia,"('22 kW',)","(1,)",2025-05-15 09:51:47
SPKLU Perumahan Citra Maja Raya,"Jl. Kopo-Maja, Mekarbaru, Kec. Maja, Kabupaten Lebak, Banten 42178",Buka 24 Jam,4.72,834.46 km,2/2 Konektor Tersedia,"('22 kW', '22 kW')","(1, 1)",2025-05-15 11:23:30
SPKLU SWISS-BELHOTEL JAMBI,"Jl. Prof. Dr Jl. Sumantri Brojonegoro No.1, Solok Sipin, Kecamatan Danau Sipin, Kota Jambi, Jambi 36121",Buka 24 Jam,4.33,247.19 km,1/1 Konektor Tersedia,"('22 kW',)","(1,)",2025-05-15 10:12:56
SPKLU MASJID RAYA NAYLUS SYAADAH,"Jl. Adinegoro Km. 12, Batang Kabung, Koto Tangah, Batang Kabung Ganting, Padang, Kota Padang, Sumatera Barat 25586",Buka 24 Jam,5.00,161.09 km,1/1 Konektor Tersedia,"('22 kW',)","(1,)",2025-05-15 10:05:15
SPKLU PLN ULP PANGKALPINANG,"Jl. Jend. Sudirman No. 180 Kota Pangkal Pinang, Kepulauan Bangka Belitung 33172",Buka 24 Jam,5.00,523.14 km,1/1 Konektor Tersedia,"('22 kW',)","(1,)",2025-05-15 10:35:24
SPKLU PLN UP3 BINJAI,"Jl. Tengku Amir Hamzah No.37, Pahlawan, Kec. Binjai Utara, Kota Binjai, Sumatera Utara 20748",Buka 24 Jam,4.38,572.27 km,3/3 Konektor Tersedia,"('7 kW', '30 kW', '30 kW')","(1, 1, 1)",2025-05-15 10:47:43
SPKLU PLN Kantor Jaga Kelapa Kampit,"Mayang, Kec. Klp. Kampit, Kabupaten Belitung Timur, Kepulauan Bangka Belitung",Buka 24 Jam,0.00,752.95 km,1/1 Konektor Tersedia,"('22 kW',)","(1,)",2025-05-15 11:01:31
SPKLU Rest Area KM 45 A Pekanbaru - Dumai,"Jl. Tol Pekanbaru - Dumai KM 45 A, Kandis, Kec. Kandis, Kabupaten Siak, Riau 26868",Buka 24 Jam,4.95,159.51 km,3/3 Konektor Tersedia,"('50 kW', '50 kW', '22 kW')","(1, 1, 1)",2025-05-15 10:03:32
SPKLU PLN ULP RENGAT KOTA,"Jl. Laksamana Laut Yos Sudarso, Sekip Hulu, Kec. Rengat, Kabupaten Indragiri Hulu, Riau 29314",Buka 24 Jam,0.00,92.55 km,1/1 Konektor Tersedia,"('22 kW',)","(1,)",2025-05-15 09:50:15
SPKLU PLN ULP KENTEN,"Palembang, Suka Maju, Kec. Sako, Kota Palembang, Sumatera Selatan 30961",Buka 24 Jam,0.00,438.70 km,1/1 Konektor Tersedia,"('22 kW',)","(1,)",2025-05-15 10:25:28
SPKLU PONGEK OR,"Jl. Khatib Sulaiman, Limbukan, Kec. Payakumbuh Sel., Kota Payakumbuh, Sumatera Barat 26225",Buka 24 Jam,5.00,123.81 km,1/1 Konektor Tersedia,"('22 kW',)","(1,)",2025-05-15 09:57:56
SPKLU BANK SUMUT IMAM BONJOL,"Jl. Imam Bonjol No.18, Madras Hulu, Kec. Medan Polonia, Kota Medan, Sumatera Utara 20212",Buka 24 Jam,5.00,557.15 km,0/1 Konektor Tersedia,"('22 kW',)","(0,)",2025-05-15 10:42:17
SPKLU PLN ULP TELUK SEGARA,Jl. Prof Dr. Hazairin No. 8 Teluk Segara Bengkulu,Buka 24 Jam,5.00,377.47 km,3/3 Konektor Tersedia,"('22 kW', '60 kW', '60 kW')","(1, 1, 1)",2025-05-15 10:19:41
SPKLU PLN ULP PERDAGANGAN,"Jl. Rajamin Purba, Perdagangan I, Kec. Bandar, Kabupaten Simalungun, Sumatera Utara 21184",Buka 24 Jam,0.00,476.98 km,1/1 Konektor Tersedia,"('22 kW',)","(1,)",2025-05-15 10:32:24
SPKLU PLN ULP CILEGON,"Jl. Achmad Yani No. 57, Sukmajaya, Kec Jombang Kota Cilegon, Banten 42416",Buka 24 Jam,4.70,784.86 km,1/1 Konektor Tersedia,"('22 kW',)","(1,)",2025-05-15 11:04:36
SPKLU PLN UP3 PONTIANAK,"JL. Jendral Ahmad Yani No 25, Akcaya, Kec. Pontianak Sel. Kota Pontianak, Kalimantan Barat",Buka 24 Jam,4.98,849.15 km,2/2 Konektor Tersedia,"('100 kW', '100 kW')","(1, 1)",2025-05-15 11:51:36
SPKLU SOLOK PREMIERE HOTEL SYARIAH,"Jl. Nasir Sutan Pamuncak, Ps. Pandan Air Mati, Kec. Tj. Harapan, Kota Solok, Sumatera Barat 27322",Buka 24 Jam,5.00,123.75 km,1/1 Konektor Tersedia,"('22 kW',)","(1,)",2025-05-15 09:57:39
SPKLU KOLAM RENANG KELOK SIKABU,"Kelok Sikabu, Koto Tuo, Kec. Iv Koto, Kabupaten Agam, Sumatera Barat 26161",Buka 24 Jam,0.00,153.44 km,1/1 Konektor Tersedia,"('22 kW',)","(1,)",2025-05-15 10:02:19
SPKLU PLN ULP PASIR PANGARAIAN,"Jl. Koperasi No.3, Pasir Pengaraian, Rambah Tengah Utara, Kabupaten Rokan Hulu, Riau",Buka 24 Jam,5.00,212.44 km,1/1 Konektor Tersedia,"('30 kW',)","(1,)",2025-05-15 10:10:19
SPKLU PLN PLTD SEUNEUBOK,"Meulaboh, Seuneubok, Kec. Johan Pahlawan, Kabupaten Aceh Barat, Aceh 23617",Buka 24 Jam,0.00,803.81 km,1/1 Konektor Tersedia,"('22 kW',)","(1,)",2025-05-15 11:10:14
SPKLU PLN ULP RIMBO BUJANG,"Jl. Pahlawan, Unit 2, Wirotho Agung, Kec. Rimbo Bujang, Kabupaten Tebo, Jambi 37253",Buka 24 Jam,0.00,108.03 km,1/1 Konektor Tersedia,"('22 kW',)","(1,)",2025-05-15 09:53:39
SPKLU PLN ULP LHOKSEUMAWE KOTA,"Jl. Malikussaleh No.1, Lancang Garam, Kec. Banda Sakti, Kota Lhokseumawe, Aceh 24351",Buka 24 Jam,5.00,801.29 km,0/1 Konektor Tersedia,"('7 kW',)","(0,)",2025-05-15 11:08:07
SPKLU PLN ULP SIMPANG TIGA,"Jl. Kartama, Perhentian Marpoyan, Kec. Marpoyan Damai, Kota Pekanbaru, Riau",Buka 24 Jam,4.93,100.20 km,1/1 Konektor Tersedia,"('22 kW',)","(1,)",2025-05-15 09:50:43
SPKLU PLN KIT SBS,"Jl. Demang Lebar Daun No.375, Palembang, Sumatera Selatan",Buka 24 Jam,5.00,438.11 km,1/1 Konektor Tersedia,"('7 kW',)","(1,)",2025-05-15 10:24:57
SPKLU TRANSMART SERANG,"Jl. Jendral Achmad Yani No. 196 - 198, Sumur Pecung,  Kec Serang, Kota Serang,  Banten",Buka 24 Jam,3.17,801.50 km,1/2 Konektor Tersedia,"('22 kW', '22 kW')","(0, 1)",2025-05-15 11:08:40
SPKLU PLN UP3 MEMPAWAH,"Jl. Gusti M. Taufik, Terusan, Kec. Mempawah Hilir, Kab. Mempawah, Kalimantan Barat 78912",Buka 24 Jam,0.00,811.08 km,1/1 Konektor Tersedia,"('22 kW',)","(1,)",2025-05-15 11:11:55
SPKLU PLN ULP MUKOMUKO,"Jl. R.A. Kartini No.8, Pd. Batu, Kec. Kota Mukomuko, Kabupaten Mukomuko, Bengkulu",Buka 24 Jam,0.00,247.57 km,1/1 Konektor Tersedia,"('22 kW',)","(1,)",2025-05-15 10:13:23
SPKLU PLN UIW S2JB Rivai,Jalan Kapt. Arivai no. 37 Palembang,Buka 24 Jam,3.45,440.22 km,2/2 Konektor Tersedia,"('25 kW', '22 kW')","(1, 1)",2025-05-15 10:26:04
SPKLU HOTEL ASTON CILEGON,"Jl. KH Wasyid No. 35 A Sukmajaya, Kec. Jombang Kota Cilegon Banten",Buka 24 Jam,4.69,785.48 km,2/2 Konektor Tersedia,"('22 kW', '22 kW')","(1, 1)",2025-05-15 11:05:09
SPKLU REST AREA 56A TOL Palembang - Prabumulih,"Ruas TOL Palembang - Prabumulih, Kabupaten Ogan Ilir, Sumatera Selatan",Buka 24 Jam,4.88,452.42 km,3/3 Konektor Tersedia,"('22 kW',)","(1,)",2025-05-15 10:29:19
SPKLU Rest Area 163-A Lampung Tengah,SPKLU Rest Area 163-A Lampung Tengah,Buka 24 Jam,4.82,609.35 km,4/4 Konektor Tersedia,"('22 kW', '22 kW', '60 kW', '60 kW')","(1, 1, 1, 1)",2025-05-15 10:49:24
SPKLU PLN UP3 PADANG,"Jl. S. Parman No.221, Ulak Karang Utara, Kec. Padang Utara, Kota Padang, Sumatera Barat",Buka 24 Jam,5.00,161.35 km,1/1 Konektor Tersedia,"('22 kW',)","(1,)",2025-05-15 10:05:32
SPKLU PLN KTR WALI KOTA PADANG PANJANG,"Silaing Bawah, Kota Padang Panjang, Sumatera Barat",Buka 24 Jam,4.80,147.77 km,3/3 Konektor Tersedia,"('50 kW', '50 kW', '22 kW')","(1, 1, 1)",2025-05-15 10:01:00
SPKLU RS BUDI ASIH SERANG,"Jl. KH. Sochari No. 39, Sumurpecung, Kec. Serang, Kota Serang, Banten",Buka 24 Jam,4.25,801.06 km,1/1 Konektor Tersedia,"('22 kW',)","(1,)",2025-05-15 11:07:39
SPKLU PLN ULP PANAM,Jl. HR Soebrantas No Km Rw 12 Simpang Baru.Kecamatan Tampan Kota Pekanbaru Riau,Buka 24 Jam,0.00,104.76 km,1/1 Konektor Tersedia,"('22 kW',)","(1,)",2025-05-15 09:52:04
SPKLU Bali Resort Sepatan,"Jl. Raya Mauk, Sepatan, Kec. Sepatan, Kab. Tangerang, Banten",Buka 24 Jam,5.00,830.00 km,1/1 Konektor Tersedia,"('22 kW',)","(1,)",2025-05-15 11:19:34
SPKLU Paramount Maggiore Bussiness Loft,"Jl. Boulevard iL Lago, Cihuni, Kec. Pagedangan, Kabupaten Tangerang, Banten",Buka 24 Jam,2.00,847.00 km,1/1 Konektor Tersedia,"('22 kW',)","(1,)",2025-05-15 11:43:50
SPKLU PLN ULP PRABUMULIH,"Jl. Diponegoro, Muara Dua, Kec. Prabumulih Timur,  Kota Prabumulih, Sumatera Selatan",Buka 24 Jam,5.00,435.49 km,1/1 Konektor Tersedia,"('22 kW',)","(1,)",2025-05-15 10:24:29
Rest Area KM 269 Terpeka,Rest Area Km. 269  Jalan Tol  Bakauhuni - Kayu Agung,Buka 24 Jam,5.00,530.75 km,4/4 Konektor Tersedia,"('22 kW', '22 kW', '60 kW', '60 kW')","(1, 1, 1, 1)",2025-05-15 10:38:41
SPKLU PLN ULP ANYER,"Jl. Raya Anyer No. 20, Anyar, Kec. Anyar, Kabupaten Serang, Banten",Buka 24 Jam,4.00,778.25 km,1/1 Konektor Tersedia,"('22 kW',)","(1,)",2025-05-15 11:03:29
SPKLU CV HIDUP MAKMUR,"Ruko Intercon Jl Meruya Ilir Raya, Blok D, Srengseng, Kec. Kembangan, Kota Jakarta Barat, DKI Jakarta 11650",Buka 24 Jam,4.94,848.79 km,2/2 Konektor Tersedia,"('22 kW', '22 kW')","(1, 1)",2025-05-15 11:49:28
SPKLU PLN ULP BINTAN CENTER,"Jl. D.I. Panjaitan No.km 9, Air Raja, Kec. Tanjungpinang Tim., Kota Tanjung Pinang, Kepulauan Riau 29125",Buka 24 Jam,5.00,343.87 km,1/1 Konektor Tersedia,"('22 kW',)","(1,)",2025-05-15 10:18:32
SPKLU Hotel Umega,"Jl. Trans Sumatera Km. 200, Gunung Medan, Muara Bungo - Solok, Kabupaten Dharmasraya, Sumatera Barat 27573",Buka 24 Jam,5.00,67.70 km,1/1 Konektor Tersedia,"('22 kW',)","(1,)",2025-05-15 09:48:27
SPKLU TRANSMART PEKANBARU A,"Jl. Musyawarah No.11, Labuh Baru Tim., Kec. Payung Sekaki, Kota Pekanbaru, Riau 28292",Buka 24 Jam,0.00,107.36 km,1/1 Konektor Tersedia,"('22 kW',)","(1,)",2025-05-15 09:52:52
SPKLU (ARISTA POWER) DENZA ARISTA BSD CITY,"BSD City Serpong Kavling, Jl De Park Jl BSD Raya Utama No. Lot 1, Lengkong Kulon, Kec. Pengadengan, Kab. Tangerang Banten",Buka 24 Jam,4.90,847.67 km,1/6 Konektor Tersedia,"('180 kW', '180 kW', '180 kW', '180 kW', '180 kW', '180 kW')","(0, 0, 0, 0, 1, 0)",2025-05-15 11:45:49
SPKLU PLN ULP MEDAN BARU,"Jl. Sei Batu Gingging Ps. X, Merdeka, Kec. Medan Baru, Kota Medan, Sumatera Utara 20154",Buka 24 Jam,4.95,557.66 km,2/2 Konektor Tersedia,"('7 kW',)","(1,)",2025-05-15 10:43:34
SPKLU PLN ULP BANGKO,"Jalan Kesehatan, Pematang Kandis Kec. Bangko Kab.Merangin Jambi",Buka 24 Jam,5.00,191.70 km,1/1 Konektor Tersedia,"('22 kW',)","(1,)",2025-05-15 10:09:01
SPKLU PLN PANDAN VIEW,"Jln. Mandeh, Ampang Pulai, Koto XI Tarusan, Kabupaten Pesisir Selatan, Sumatera Barat 25654",Buka 24 Jam,5.00,167.78 km,1/1 Konektor Tersedia,"('22 kW',)","(1,)",2025-05-15 10:06:44
SPKLU PLN ULP MARTAPURA,"Kota Baru , Martapura, kab. Ogan Komering Ulu Timur, Sumatra Selatan  32311",Buka 24 Jam,0.00,526.99 km,1/1 Konektor Tersedia,"('22 kW',)","(1,)",2025-05-15 10:37:07
SPKLU PLN ULP PAYAKUMBUH,"Jl. Moh. Yamin, Padang Tiakar Hilir, Kec. Payakumbuh Timur, Kota Payakumbuh, Sumatera Barat 26212",Buka 24 Jam,4.67,121.18 km,1/1 Konektor Tersedia,"('22 kW',)","(1,)",2025-05-15 09:55:43
SPKLU PLN ULP KUALA SIMPANG,"Jl. Ir. H. Juanda Dalam, Dalam, Karang Baru, Kabupaten Aceh Tamiang, Aceh",Buka 24 Jam,5.00,661.36 km,1/1 Konektor Tersedia,"('22 kW',)","(1,)",2025-05-15 10:51:42
SPKLU Masjid Agung Al-Ikhlas,"Karang Tengah, Kota Tangerang, Banten",Buka 24 Jam,3.69,847.94 km,0/1 Konektor Tersedia,"('22 kW',)","(0,)",2025-05-15 11:46:15
SPKLU CLUSTER DAMAR,"Jalan Lingkar Luar Bukit Golf Mediteranian No.1, Kamal Muara, Jakarta Utara, Daerah Khusus Ibukota Jakarta",Buka 24 Jam,5.00,841.54 km,4/4 Konektor Tersedia,"('22 kW', '22 kW', '22 kW', '22 kW')","(1, 1, 1, 1)",2025-05-15 11:33:44
SPKLU PLN ULP MANNA,"JL. Fatmawati,Kampung Baru, Kec. Kota Manna, Kabupaten Bengkulu Selatan, Bengkulu",Buka 24 Jam,0.00,465.14 km,1/1 Konektor Tersedia,"('22 kW',)","(1,)",2025-05-15 10:30:27
SPKLU PLN ULP PANTON LABU,"Kota Panton Labu, Tanah Jambo Aye, Kabupaten Aceh Utara, Aceh 24394",Buka 24 Jam,5.00,773.95 km,1/1 Konektor Tersedia,"('22 kW',)","(1,)",2025-05-15 11:02:53
SPKLU PLN ULP TAIS,"Lubuk Kebur, Kec.Seluma, Kab.Seluma, Bengkulu 38878",Buka 24 Jam,5.00,415.36 km,1/1 Konektor Tersedia,"('22 kW',)","(1,)",2025-05-15 10:22:05
SPKLU KOTA TUA,"Kota Tua, Pinangsia, Kec. Taman Sari, Kota Jakarta Barat, DKI Jakarta 11110",Buka 24 Jam,4.57,848.52 km,3/3 Konektor Tersedia,"('22 kW', '22 kW', '22 kW')","(1, 1, 1)",2025-05-15 11:49:01
SPKLU Lapangan Jati Universitas Mercu Buana,"Jl. Meruya Selatan No.1, RT.4/RW.1, Joglo, Kec. Kembangan, Kota Jakarta Barat, Daerah Khusus Ibukota Jakarta",Buka 24 Jam,4.73,849.00 km,2/2 Konektor Tersedia,"('22 kW', '22 kW')","(1, 1)",2025-05-15 11:50:39
SPKLU PLN ULP BENGKALIS,"Jl. Antara, Rimba Sekampung, Kabupaten Bengkalis, Riau",Buka 24 Jam,5.00,214.38 km,1/1 Konektor Tersedia,"('30 kW',)","(1,)",2025-05-15 10:10:34
SPKLU PLN ULP STABAT,"Jl. Proklamasi, Kwala Bingai, Kec. Stabat, Kabupaten Langkat, Sumatera Utara 20811",Buka 24 Jam,5.00,586.92 km,1/1 Konektor Tersedia,"('22 kW',)","(1,)",2025-05-15 10:48:28
SPKLU PLN ULP KOTABARU,"Jl.  Nuri Jelutung, Kota Jambi, 36133",Buka 24 Jam,4.00,249.07 km,1/1 Konektor Tersedia,"('22 kW',)","(1,)",2025-05-15 10:14:07
SPKLU PLN ULP SIANTAN,"Jl. Khatulistiwa, Siantan Hilir, Kec. Pontianak Utara, Kota Pontianak, Kalimantan Barat 78243",Buka 24 Jam,5.00,848.26 km,2/2 Konektor Tersedia,"('7 kW', '22 kW')","(1, 1)",2025-05-15 11:47:34
SPKLU Mobile Anyer,"Jl. Raya Anyer-Sirih No.20, Anyar, Kec. Anyar, Kabupaten Serang, Banten 42166",Buka 24 Jam,4.24,778.24 km,2/2 Konektor Tersedia,"('22 kW', '25 kW')","(1, 1)",2025-05-15 11:03:13
SPKLU PLN UP3 SINGKAWANG,"Jl. Alianyang No.71, Singkawang, Kalimantan Barat 79111",Buka 24 Jam,4.86,821.80 km,3/3 Konektor Tersedia,"('22 kW', '60 kW', '60 kW')","(1, 1, 1)",2025-05-15 11:13:54
SPKLU PLN Kantor Jaga Membalong,"Desa Membalong, Kabupaten Belitung, Kepulauan Bangka Belitung 33452",Buka 24 Jam,0.00,725.25 km,0/1 Konektor Tersedia,"('22 kW',)","(0,)",2025-05-15 11:00:09
SPKLU Mall Transmart Carrefour Bandar Lampung,"Jl. Sultan Agung No.283, Way Halim Permai, Kec. Way Halim, Kota Bandar Lampung, Lampung 35132",Buka 24 Jam,4.25,676.86 km,2/2 Konektor Tersedia,"('25 kW', '22 kW')","(1, 1)",2025-05-15 10:53:38
SPKLU KANTOR GUBERNUR SUMSEL,"Jl. Kapten A. Rivai No.3, Palembang, Sumatera Selatan",Buka 24 Jam,1.00,440.22 km,1/1 Konektor Tersedia,"('7 kW',)","(1,)",2025-05-15 10:26:33
SPKLU PLN ULP BALAI SELASA,"Jl. Lintas Barat Sumatera, Pelangai, Kec. Ranah Pesisir, Kabupaten Pesisir Selatan, Sumatera Barat 25661",Buka 24 Jam,5.00,180.83 km,1/1 Konektor Tersedia,"('22 kW',)","(1,)",2025-05-15 10:07:38
SPKLU PLN ULP MUARA BULIAN,"Jl. Jenderal Sudirman, Kab Batang Hari, 36613",Buka 24 Jam,0.00,223.76 km,1/1 Konektor Tersedia,"('22 kW',)","(1,)",2025-05-15 10:11:13
SPKLU PLN ULP PANGKALAN KERINCI,"JL. Akasia, Pangkalan Kerinci Bar., Kec. Pangkalan Kerinci, Kabupaten Pelalawan, Riau",Buka 24 Jam,5.00,90.95 km,1/1 Konektor Tersedia,"('22 kW',)","(1,)",2025-05-15 09:49:59
SPKLU TANG AIA CAFE & RESTO,"Jl. Lintas Sumatera Tengah Nagari Kunangan Parit Rantang, Kamang Baru, Kabupaten Sijunjung, Sumatera Barat",Buka 24 Jam,5.00,66.50 km,1/1 Konektor Tersedia,"('22 kW',)","(1,)",2025-05-15 09:48:10
SPKLU PLN ULP MANGGAR,"Jalan Jendral Sudirman No.1,Kurnia Jaya, Manggar, Kabupaten Belitung Timur, Kepulauan Bangka Belitung 33512",Buka 24 Jam,5.00,778.57 km,1/1 Konektor Tersedia,"('22 kW',)","(1,)",2025-05-15 11:03:56
SPKLU KAMPUNG EROPA HARAU,"Tarantang, Harau, Lima Puluh Kota Regency, West Sumatra 26271",Buka 24 Jam,5.00,121.57 km,1/1 Konektor Tersedia,"('22 kW',)","(1,)",2025-05-15 09:56:42
SPKLU GUDANG CEMARA,"Jl. Gusti Sulung Lelanang No 3, Benua Melayu Darat, Kec. Pontianak Sel., Kota Pontianak, Kalimantan Barat 78243",Buka 24 Jam,5.00,849.41 km,1/1 Konektor Tersedia,"('22 kW',)","(1,)",2025-05-15 11:52:22
SPKLU PLN ULP NUSA INDAH,"Jl. Pangeran Natadirja No.65, Jl. Gedang, Kec. Gading Cempaka, Kota Bengkulu, Bengkulu 38225",Buka 24 Jam,0.00,381.77 km,1/1 Konektor Tersedia,"('22 kW',)","(1,)",2025-05-15 10:20:14
SPKLU HVT Hotel Qubika Serpong,"Jalan Boulevard Raya Gading Serpong No.10, Kec. Klp. Dua, Kabupaten Tangerang, Banten 15334",Buka 24 Jam,4.44,844.91 km,2/4 Konektor Tersedia,"('120 kW', '120 kW', '60 kW', '60 kW')","(1, 0, 0, 1)",2025-05-15 11:39:15
SPKLU PLN UIP SBS,"Jl. Residen Abdul Rozak, Palembang, Sumatera Selatan",Buka 24 Jam,5.00,441.36 km,1/1 Konektor Tersedia,"('7 kW',)","(1,)",2025-05-15 10:27:17
SPKLU TRANSMART PEKANBARU B,"Jl. Musyawarah No.11, Labuh Baru Tim., Kec. Payung Sekaki, Kota Pekanbaru, Riau 28292",Buka 24 Jam,4.00,107.32 km,1/1 Konektor Tersedia,"('22 kW',)","(1,)",2025-05-15 09:52:33
SPKLU Budha Tzu Chi,"Area Parkir RS Budha Tu Chi, Cengkareng Tim., Kota Jakarta Barat, Daerah Khusus Ibukota Jakarta",Buka 24 Jam,2.00,842.53 km,2/2 Konektor Tersedia,"('22 kW', '22 kW')","(1, 1)",2025-05-15 11:34:43
SPKLU PLN UP3 SIBOLGA,"Jl. Dr. Ferdinand Lumban Tobing No.20, Huta Tonga Tonga, Kec. Sibolga Utara, Kota Sibolga, Sumatera Utara 22512",Buka 24 Jam,5.00,405.21 km,2/2 Konektor Tersedia,"('22 kW', '30 kW')","(1, 1)",2025-05-15 10:21:20
SPKLU EV LOKA LANDS END PIK 2,"JL Yos Sudarso, Pasir Putih, Kabupaten Tangerang 15211",Buka 24 Jam,3.30,837.33 km,4/4 Konektor Tersedia,"('22 kW', '22 kW', '22 kW', '22 kW')","(1, 1, 1, 1)",2025-05-15 11:25:50
SPKLU PLN ULP KOTANOPAN,"Jl. Lintas Medan, Padang Bulan, Kec. Kotanopan, Kabupaten Mandailing Natal, Sumatera Utara 22994",Buka 24 Jam,5.00,251.73 km,1/1 Konektor Tersedia,"('22 kW',)","(1,)",2025-05-15 10:14:46
SPKLU Rest Area KM 70  Serang - Panimbang,"Jl. Tol Serang Panimbang KM 70, Mongpok Kec. Cikeusal Kab. Serang",Buka 24 Jam,0.00,812.50 km,2/2 Konektor Tersedia,"('22 kW', '22 kW')","(1, 1)",2025-05-15 11:12:09
PLN UPDK JAMBI,"Jl. Dokter Setia Budi ,Rajawali, Kec. Jambi Tim., Kota Jambi, Jambi 36143",Buka 24 Jam,0.00,248.35 km,1/1 Konektor Tersedia,"('22 kW',)","(1,)",2025-05-15 10:13:38
SPKLU WIKA RANGKASBITUNG,"Jl. Tol Serang - Panimbang , Kadu Agung Tengah, Kec Cibadak Kabupaten Lebak Banten",Buka 24 Jam,4.94,824.76 km,1/1 Konektor Tersedia,"('22 kW',)","(1,)",2025-05-15 11:15:14
SPKLU IBI DARMAJAYA,"Jl. ZA. Pagar Alam No.93, Gedong Meneng, Kec. Rajabasa, Kota Bandar Lampung, Lampung 35141",Buka 24 Jam,4.00,674.24 km,1/1 Konektor Tersedia,"('22 kW',)","(1,)",2025-05-15 10:52:43
SPKLU PLN ULP TEBING TINGGI,"Jl Sekip, Kupang, Kec. Tebing Tinggi, Kab. Empat Lawang, Sumatera Selatan",Buka 24 Jam,5.00,381.96 km,1/1 Konektor Tersedia,"('22 kW',)","(1,)",2025-05-15 10:20:25
DIRLANTAS Satuan PJR POLDA SUMATERA UTARA,"Jalan Medan, KM 1, Limau Manis, Kec. Tj. Morawa, Kabupaten Deli Serdang, Sumatera Utara 20362",Buka 24 Jam,0.00,545.07 km,1/1 Konektor Tersedia,"('22 kW',)","(1,)",2025-05-15 10:40:10
SPKLU PLN ULP PARAPAT,"Jl. Bangun Dolok Nomor 14 Girsang Sipangan Bolon, Simalungun, Sumatera Utara",Buka 24 Jam,4.17,460.33 km,5/5 Konektor Tersedia,"('22 kW', '25 kW', '25 kW', '50 kW', '50 kW')","(1, 1, 1, 1, 1)",2025-05-15 10:30:10
SPKLU PLN Universitas Negeri Padang,"Padang, Air Tawar Bar., Kec. Padang Utara, Kota Padang, Sumatera Barat 25173",Buka 24 Jam,5.00,161.09 km,1/1 Konektor Tersedia,"('22 kW',)","(1,)",2025-05-15 10:05:05
SPKLU Yaski (Heartline),"Jl. Permata Sari No. 1000, Binong, Kec. Curug, Kab. Tangerang, Banten",Buka 24 Jam,4.91,839.84 km,2/2 Konektor Tersedia,"('22 kW', '22 kW')","(1, 1)",2025-05-15 11:28:48
SPKLU Rest Area KM 20 B TRANS-SUMATERA,"Rawi, Kec. Penengahan, Lampung",Buka 24 Jam,4.07,732.68 km,5/5 Konektor Tersedia,"('25 kW', '25 kW', 'A CCS2', 'B CCS2', '4 kW')","(1, 1, 1, 1, 1)",2025-05-15 11:00:30
SPKLU PLN UID SUMATERA UTARA,"Jl. KL. Yos Sudarso Gg. VIII No.1d, Glugur Kota, Kec. Medan Baru, Kota Medan, Sumatera Utara 20238",Buka 24 Jam,4.66,560.25 km,2/3 Konektor Tersedia,"('A CCS2', 'B CCS2', '22 kW')","(1, 1, 0)",2025-05-15 10:46:11
SPKLU PLN ULP LABUAN,"Jl. Raya Jend. Sudirman, Labuan, Kec. Labuan, Kabupaten Pandeglang, Banten 42264",Buka 24 Jam,5.00,801.31 km,1/1 Konektor Tersedia,"('22 kW',)","(1,)",2025-05-15 11:08:24
SPKLU TERRACE 9C SUVARNA SUTERA,"Jl. Suvarna Sutera Boulevard, Wanakerta Kec. Cikupa Kab. Tangerang",Buka 24 Jam,4.80,828.69 km,1/1 Konektor Tersedia,"('22 kW',)","(1,)",2025-05-15 11:17:33
SPKLU PLN UID Banten,"Jl Jendral Sudirman No.1, Babakan, Sukasari, Tangerang, Banten",Buka 24 Jam,4.71,840.00 km,2/3 Konektor Tersedia,"('50 kW', '50 kW', '22 kW')","(0, 1, 1)",2025-05-15 11:29:33
SPKLU Sungai Pinyuh,"Jl. Pontianak  Sei Pinyuh, Kec Sungai Pinyuh, Kab Mempawah, Kalimantan Barat",Buka 24 Jam,1.00,822.51 km,1/1 Konektor Tersedia,"('22 kW',)","(1,)",2025-05-15 11:14:07
SPKLU PLN ULP SAROLANGUN,"Jl. Abdul Manaf No.60, Ps. Sarolangun, Kec. Sarolangun, Kabupaten Sarolangun, Jambi",Buka 24 Jam,5.00,236.14 km,1/1 Konektor Tersedia,"('22 kW',)","(1,)",2025-05-15 10:12:08
SPKLU PLN ULP MUARA LABUH,"Jalan Batang Lawe, Muara Labuh, Pasir Talang Bar., Kec. Sungai Pagu, Kabupaten Solok Selatan, Sumatera Barat 27776",Buka 24 Jam,0.00,138.81 km,1/1 Konektor Tersedia,"('22 kW',)","(1,)",2025-05-15 10:00:22
SPKLU PLN MUARA KIAWAI,"JL.MUARA KIAWAI, Gunung Tuleh, West Pasaman Regency, West Sumatra 26571",Buka 24 Jam,0.00,231.76 km,1/1 Konektor Tersedia,"('22 kW',)","(1,)",2025-05-15 10:11:40
SPKLU PLN GH LAHAT,"Jalan Kol. H.Burlian  Kel.Bandar Jaya Kec.Lahat Kabupaten Lahat, Sumatera Selatan 31412",Buka 24 Jam,4.92,423.69 km,1/3 Konektor Tersedia,"('22 kW', '50 kW', '50 kW')","(1, 0, 0)",2025-05-15 10:22:21
SPKLU PLN ULP SEI JAWI,"Jl. Re.Martadinata, Sungai Jawi Luar, Kec. Pontianak Bar., Kota Pontianak, Kalimantan Barat 78113",Buka 24 Jam,5.00,846.93 km,1/1 Konektor Tersedia,"('7 kW',)","(1,)",2025-05-15 11:43:16
SPKLU PLN ULP ARGAMAKMUR,"Jl. Jendral Sudirman, Kota  Argamakmur,  Kab.Bengkulu Utara, Prov. Bengkulu",Buka 24 Jam,1.00,337.87 km,1/1 Konektor Tersedia,"('22 kW',)","(1,)",2025-05-15 10:16:59
SPKLU PLN REST AREA KM 65B,"Tanah Raja, Kec. Sei Rampah, Kabupaten Serdang Bedagai, Sumatera Utara 20986",Buka 24 Jam,5.00,527.08 km,2/2 Konektor Tersedia,"('100 kW', '100 kW')","(1, 1)",2025-05-15 10:37:17
SPKLU PLN ULP KUALA TUNGKAL,"Jl. Beringin No. 78 Kec Tungkal Ilir, Kab Tanjung Jabung Barat, Jambi 36514",Buka 24 Jam,0.00,199.38 km,1/1 Konektor Tersedia,"('22 kW',)","(1,)",2025-05-15 10:09:43
SPKLU CENTRE POINT PIK 2,"Kawasan Centre Point Pantai Indak Kapuk 2, Kec. Kosambi Kab. Tangerang",Buka 24 Jam,3.71,832.63 km,0/2 Konektor Tersedia,"('A CCS2', 'B CCS2')","(0, 0)",2025-05-15 11:20:52
SPKLU PLN ULP BATUSANGKAR,"Jl. Ps. Papan, Baringin, Kec. Lima Kaum, Kabupaten Tanah Datar, Sumatera Barat 27212",Buka 24 Jam,5.00,125.06 km,1/1 Konektor Tersedia,"('22 kW',)","(1,)",2025-05-15 09:58:23
SPKLU Kondominium Pantai Carita Utara,"Jl. Raya Labuan, Sukajadi, Kec Carita, Kabupaten Pandeglang, Banten",Buka 24 Jam,5.00,795.46 km,0/1 Konektor Tersedia,"('22 kW',)","(0,)",2025-05-15 11:05:32
SPKLU REST AREA KM 116 A LAMPUNG TENGAH,"SPKLU Rest Area km 116 A, Bumi Ratu Nuban, Lampung Tengah",Buka 24 Jam,4.81,646.18 km,3/3 Konektor Tersedia,"('22 kW',)","(1,)",2025-05-15 10:50:30
SPKLU Apartemen Annora Living,"Jl Jendral Sudirman No.9, Babakan, Tangerang, Sukasari, Kecamatan Tangerang, RT.005/RW.013, Sukasari, Kec. Tangerang, Kota Tangerang, Banten 15118",Buka 24 Jam,5.00,840.05 km,2/2 Konektor Tersedia,"('22 kW', '22 kW')","(1, 1)",2025-05-15 11:30:15
SPKLU Perum Seion Serang,"Jl. KH Sulaeman No. 31 , Kagungan , Kec. Serang, Kota  Serang Banten",Buka 24 Jam,4.33,798.06 km,1/1 Konektor Tersedia,"('22 kW',)","(1,)",2025-05-15 11:06:14
SPKLU REST AREA 56B TOL Palembang - Prabumulih,"Ruas TOL Palembang - Prabumulih, Kabupaten Ogan Ilir, Sumatera Selatan",Buka 24 Jam,3.00,452.25 km,1/1 Konektor Tersedia,"('22 kW',)","(1,)",2025-05-15 10:29:02
SPKLU Hotel Prime Park,"Jl. Jendral Sudirman No 3, Simpang Tiga, Kota Pekanbaru, Riau",Buka 24 Jam,0.00,103.06 km,1/1 Konektor Tersedia,"('22 kW',)","(1,)",2025-05-15 09:51:24
SPKLU PLN ULP RANTAUPRAPAT KOTA,"Jl. Lintas Sumatra, Rantauprapat, Kec. Rantau Utara, Kab. Labuhanbatu, Sumatera Utara",Buka 24 Jam,4.59,349.84 km,3/3 Konektor Tersedia,"('22 kW', '60 kW', '60 kW')","(1, 1, 1)",2025-05-15 10:19:12
SPKLU ULP CIKANDE,"Jl. Raya Serang  Jakarta KM. 11, Cikande, Gorda, Julang, Serang, Banten 42186",Buka 24 Jam,3.50,817.46 km,2/2 Konektor Tersedia,"('25 kW', '22 kW')","(1, 1)",2025-05-15 11:13:09
SPKLU PLN UP3 BANGKINANG,"Jl. Bangkinang-Payakumbuh, Merangin, Kabupaten Kampar, Riau",Buka 24 Jam,5.00,119.67 km,2/2 Konektor Tersedia,"('50 kW', '50 kW')","(1, 1)",2025-05-15 09:55:15
SPKLU KAPEL KRUI,"Labuhan Jukung, Krui, Kp. Jawa, Kec. Pesisir Tengah, Kabupaten Pesisir Barat, Lampung 34874",Buka 24 Jam,0.00,581.99 km,1/1 Konektor Tersedia,"('22 kW',)","(1,)",2025-05-15 10:48:12
SPKLU PLN IP SURALAYA,"Jl. Suralaya No. 21, Suralaya, Kec. Pulomerak, Kota Cilegon, Banten 42439",Buka 24 Jam,5.00,772.04 km,1/1 Konektor Tersedia,"('7 kW',)","(1,)",2025-05-15 11:01:58
SPKLU METLAND PURI JUNTION,"Metland Puri, Petir, Kec. Cipondoh, Kota Tangerang, Banten 15147",Buka 24 Jam,2.65,845.68 km,0/1 Konektor Tersedia,"('22 kW',)","(0,)",2025-05-15 11:41:06
SPKLU Kantor Gubernur Provinsi Riau,"Jl. Jend. Sudirman No.460, Jadirejo, Kec. Sukajadi, Kota Pekanbaru, Riau 28121",Buka 24 Jam,4.48,107.90 km,2/2 Konektor Tersedia,"('A CCS2', 'B CCS2')","(1, 1)",2025-05-15 09:53:22
SPKLU PLN UP3 OGAN ILIR,"Jalan Timbangan, Kec. Indralaya Utara, Kab.Ogan Ilir ,Sumatera Selatan",Buka 24 Jam,4.00,449.50 km,1/1 Konektor Tersedia,"('22 kW',)","(1,)",2025-05-15 10:28:51
SPKLU PLN ULP SELAT PANJANG,"Jl.Yos sudarso., Kec. Tebing Tinggi, Kabupaten Kepulauan Meranti, Riau",Buka 24 Jam,0.00,193.32 km,1/1 Konektor Tersedia,"('22 kW',)","(1,)",2025-05-15 10:09:16
SPKLU Duta Indah Residence,"Jalan Duta Arcadia, No.1, Perumahan Duta Indah Residence, Duta Sport Club, RT. 001/ RW. 021, Gebang Raya, Kec. Periuk, Kota Tangerang, Banten, 15132",Buka 24 Jam,4.43,835.65 km,1/1 Konektor Tersedia,"('7 kW',)","(1,)",2025-05-15 11:23:57
SPKLU TRANSMART PANGKALPINANG,"Jl. Jendral Sudirman No.8, Taman Bunga, Kec. Gerunggang, Kota Pangkal Pinang, Kepulauan Bangka Belitung",Buka 24 Jam,4.00,523.76 km,2/2 Konektor Tersedia,"('22 kW', '22 kW')","(1, 1)",2025-05-15 10:36:05
SPKLU Kawasan Pusat Pemerintahan Provinsi Banten (KP3B),Kawasan Pusat Pemerintahan Provinsi Banten (KP3B),Buka 24 Jam,4.35,805.20 km,3/3 Konektor Tersedia,"('22 kW', '60 kW', '60 kW')","(1, 1, 1)",2025-05-15 11:11:07
SPKLU HOTEL HOLIDAY INN LAMPUNG BUKIT RANDU,"Jl. Kamboja No.1, RW.2, Kb. Jeruk, Kec. Tanjungkarang Timur, Kota Bandar Lampung, Lampung 35121",Buka 24 Jam,4.20,678.19 km,2/2 Konektor Tersedia,"('22 kW', '22 kW')","(1, 1)",2025-05-15 10:53:59
Rest Area KM 277 Terpeka,Rest Area Km. 277  Jalan Tol  Bakauhuni - Kayu Agung,Buka 24 Jam,3.67,522.50 km,1/1 Konektor Tersedia,"('22 kW',)","(1,)",2025-05-15 10:35:07
SPKLU Rest Area KM 65 B Pekanbaru - Dumai,"Jl. Tol Pekanbaru - Dumai No. KM 65 B, Tengganau, Kec. Pinggir, Kabupaten Bengkalis, Riau 28784",Buka 24 Jam,4.50,176.88 km,0/3 Konektor Tersedia,"('50 kW', '50 kW', '22 kW')","(1, 1, 0)",2025-05-15 10:07:12
SPKLU PLN Kantor Jaga Kelapa,"Jl. Raya Kayu Arang, Kec. Kelapa Kab. Bangka Barat",Buka 24 Jam,5.00,469.01 km,0/1 Konektor Tersedia,"('22 kW',)","(0,)",2025-05-15 10:30:44
SPKLU WING HUB KUALANAMU,"Komplek Hub, Kualanamu Hub Commercial Bizpark, Jl. Arteri Kualanamu No.9, Tumpatan Nibung, Kec. Batang Kuis, Kabupaten Deli Serdang, Sumatera Utara 20372",Buka 24 Jam,4.60,548.33 km,5/5 Konektor Tersedia,"('22 kW', '60 kW', '60 kW', '60 kW', '60 kW')","(1, 1, 1, 1, 1)",2025-05-15 10:40:30
SPKLU Mall Balekota,"Jl. Jenderal Sudirman No.3, RT.002/RW.012, Buaran Indah, Kec. Tangerang, Kota Tangerang, Banten 15119",Buka 24 Jam,4.75,839.65 km,2/2 Konektor Tersedia,"('22 kW', '22 kW')","(1, 1)",2025-05-15 11:28:09
SPKLU SANTIKA MEDAN,"Jl. Kapten Maulana Lubis No.7, Petisah Tengah, Kec. Medan Petisah, Kota Medan, Sumatera Utara 20111",Buka 24 Jam,1.00,557.94 km,1/1 Konektor Tersedia,"('22 kW',)","(1,)",2025-05-15 10:44:24
SPKLU REST AREA  KM 360 KERAMASAN,"Rest Area Km. 360 Ruas Tol Terpeka, Pemulutan Ilir, Pemulutan, Ogan Ilir Regency, South Sumatra 30653",Buka 24 Jam,4.94,452.71 km,3/3 Konektor Tersedia,"('22 kW', '60 kW', '60 kW')","(1, 1, 1)",2025-05-15 10:29:35
SPKLU PLN PDKB BANTEN UTARA,"Jl. Raya Serang Pandeglang, Cipare, Kota Serang, Banten",Buka 24 Jam,4.00,801.04 km,2/2 Konektor Tersedia,"('22 kW', '22 kW')","(1, 1)",2025-05-15 11:07:11
SPKLU PLN ULP MUARA SABAK,"Jl. Sultan Thaha, Tanjung Jabung Timur, 36761",Buka 24 Jam,0.00,247.37 km,1/1 Konektor Tersedia,"('22 kW',)","(1,)",2025-05-15 10:13:13
SPKLU Puri 11 Cluster Royal,"Puri 11 Cluster Royal, Pd. Bahar, Kota Tangerang, Banten",Buka 24 Jam,0.00,846.48 km,1/1 Konektor Tersedia,"('22 kW',)","(1,)",2025-05-15 11:42:43
SPKLU RS EMC KEDOYA,"Kedoya Utara, Kota Jakarta Barat, Daerah Khusus Ibukota Jakarta",Buka 24 Jam,0.00,847.61 km,2/2 Konektor Tersedia,(),(),2025-05-15 11:45:08
SPKLU PLN ULP AIR MOLEK,"Jl Sultan Ibrahim, Candirejo, Kec. Pasir Penyu, Kabupaten Indragiri Hulu, Riau",Buka 24 Jam,5.00,63.92 km,1/1 Konektor Tersedia,"('30 kW',)","(1,)",2025-05-15 09:47:59
SPKLU (ARISTA POWER) MERCEDES BENZ ARISTA MEDAN,"Jl. T. Amir Hamzah No.49, Sei Agul, Kec. Medan Bar., Kota Medan, Sumatera Utara 20117",Buka 24 Jam,4.91,560.27 km,0/2 Konektor Tersedia,(),(),2025-05-15 10:46:25
SPKLU PLN ULP TEMBILAHAN,"Jl. Gn. Daek, Tembilahan Kota, Kec. Tembilahan, Kabupaten Indragiri Hilir, Riau",Buka 24 Jam,4.83,160.18 km,1/1 Konektor Tersedia,"('30 kW',)","(1,)",2025-05-15 10:03:49
SPKLU PLN ULP MEDAN TIMUR,"Jl. Durung, Sidorejo Hilir, Kec. Medan Tembung, Kota Medan, Sumatera Utara 20222",Buka 24 Jam,4.79,557.77 km,2/2 Konektor Tersedia,"('22 kW', '22 kW')","(1, 1)",2025-05-15 10:43:50
SPKLU PLN UP3 JAMBI,"Jl. Urip Sumoharjo No. 02, Telanaipura, Kota Jambi",Buka 24 Jam,4.92,246.57 km,4/4 Konektor Tersedia,"('22 kW', '60 kW', '60 kW', '22 kW')","(1, 1, 1, 1)",2025-05-15 10:12:30
SPKLU PLN ULP LABUHAN,"Jl. KL. Yos Sudarso, M A B A R, Kec. Medan Deli, Kota Medan, Sumatera Utara 20242",Buka 24 Jam,5.00,565.12 km,1/1 Konektor Tersedia,"('22 kW',)","(1,)",2025-05-15 10:46:54
SPKLU REST AREA KM 49 B Tol Bakauheni-Terbanggi Besar,"Jl. Tol Bakauheni - Terbanggi Besar, Karya Mulya Sari, Kec. Candipuro, Kabupaten Lampung Selatan, Lampung 35356",Buka 24 Jam,4.69,704.50 km,3/3 Konektor Tersedia,"('22 kW',)","(1,)",2025-05-15 10:57:00
SPKLU Summarecon Tangerang Marketing Gallery,"Jl. Bulevard Raya BLR 001, Summarecon, Tangerang, Kabupaten Tangerang, Banten 15810",Buka 24 Jam,0.00,837.56 km,2/2 Konektor Tersedia,"('22 kW', '22 kW')","(1, 1)",2025-05-15 11:26:11
SPKLU Jaya Imperial Park,"Jaya Garden Polis, Jl. Raya Mauk KM. 11 Sepatan, Tangerang - Banten",Buka 24 Jam,4.47,831.02 km,0/2 Konektor Tersedia,"('22 kW', '4 kW')","(0, 0)",2025-05-15 11:20:10
SPKLU MALL SAMANEA,"Jl. Suvarna Sutera Boulevard, Pasar Gadung Kec. Cikupa, Kab. Tangerang",Buka 24 Jam,4.91,832.62 km,2/3 Konektor Tersedia,"('22 kW',)","(1,)",2025-05-15 11:20:41
"SPKLU REST AREA KM-87B NATAR, LAMPUNG SELATAN","Rest Area KM 87B Natar, Lampung Selatan, Lampung",Buka 24 Jam,3.69,669.92 km,3/3 Konektor Tersedia,"('A CCS2', 'B CCS2', '4 kW')","(1, 1, 1)",2025-05-15 10:51:57
SPKLU PLN WARONG ESSY,"Sungai Rumbai Tim., Kec. Sungai Rumbai, Kabupaten Dharmasraya, Sumatera Barat 27684",Buka 24 Jam,0.00,88.60 km,1/1 Konektor Tersedia,"('22 kW',)","(1,)",2025-05-15 09:49:48
SPKLU PLN ULP BELANTI,"Jl. Khatib Sulaiman No.46, Ulak Karang Selatan, Kec. Padang Utara, Kota Padang, Sumatera Barat 25173",Buka 24 Jam,4.88,160.74 km,1/1 Konektor Tersedia,"('4 kW',)","(1,)",2025-05-15 10:04:16
SPKLU PLN ULP TANJUNG BALAI,"Jl. Jendral Sudirman, Tj. Balai Kota I, Tanjungbalai Selatan, Kota Tanjung Balai, Sumatera Utara 21334",Buka 24 Jam,1.00,430.25 km,1/1 Konektor Tersedia,"('22 kW',)","(1,)",2025-05-15 10:23:43
SPKLU PLN UP3 LUBUK PAKAM,"Jl. Medan - Tebing Tinggi, Perbarakan, Kec. Pagar Merbau, Kabupaten Deli Serdang, Sumatera Utara 20551",Buka 24 Jam,4.98,541.44 km,2/2 Konektor Tersedia,"('22 kW', '25 kW')","(1, 1)",2025-05-15 10:39:53
SPKLU Taman Merdeka Kota Metro,"Jl. AH Nasution, Imopuro, Kec. Metro Pusat, Kota Metro, Lampung",Buka 24 Jam,4.72,654.74 km,1/1 Konektor Tersedia,"('7 kW',)","(1,)",2025-05-15 10:51:13
SPKLU MALL PELAYANAN PUBLIK JAMBI,"Jalan Paal Lima, Kota Baru, Kota Jambi",Buka 24 Jam,5.00,249.05 km,1/1 Konektor Tersedia,"('22 kW',)","(1,)",2025-05-15 10:13:55
SPKLU Pisa Grande Paramount Serpong,"Jl. Ir. Sukarno, Curug Sangereng, Kec. Kelapa Dua, Kabupaten Tangerang, Banten",Buka 24 Jam,4.15,845.47 km,1/1 Konektor Tersedia,"('22 kW',)","(1,)",2025-05-15 11:40:34
SPKLU REST AREA KM 67 B Tol Bakauheni-Terbanggi Besar,"SPKLU REST AREA KM 67 B Tol Bakauheni-Terbanggi Besar,Serdang, Kec. Tj. Bintang, Kabupaten Lampung Selatan, Lampung 35361",Buka 24 Jam,0.00,688.22 km,1/1 Konektor Tersedia,"('22 kW',)","(1,)",2025-05-15 10:56:21
SPKLU MASJID PLN UID S2JB,Jalan Kapten A. Rivai No. 37 Palembang,Buka 24 Jam,0.00,440.22 km,1/1 Konektor Tersedia,"('7 kW',)","(1,)",2025-05-15 10:26:16
SPKLU PLN ULP KUTACANE,"Jl. Perapat Hulu, Babussalam, Aceh Tenggara, Aceh 24651",Buka 24 Jam,0.00,612.21 km,1/1 Konektor Tersedia,"('22 kW',)","(1,)",2025-05-15 10:49:34
SPKLU UP3 Meulaboh,"Jl. Swadaya, Drien Rampak, Kec. Johan Pahlawan, Kab. Aceh Barat, Aceh, 23611",Buka 24 Jam,5.00,801.17 km,2/2 Konektor Tersedia,"('50 kW', '50 kW')","(1, 1)",2025-05-15 11:07:56
SPKLU Rest Area KM 36 A Pekanbaru - Bangkinang,"Jl. Tol Pekanbaru - Bangkinang KM 36 A, Muara Jalai, Kec. Bangkinang, Kabupaten Kampar, Riau 21184",Buka 24 Jam,4.50,118.40 km,3/3 Konektor Tersedia,"('50 kW', '50 kW', '22 kW')","(1, 1, 1)",2025-05-15 09:55:04
SPKLU UCI BENY Angke Heritage PIK 2,"Jl. M.H Thamrin Kav DJ-09, Salembaran, Kec. Kosambi, Kabupaten Tangerang, Banten 15214",Buka 24 Jam,4.67,833.20 km,1/3 Konektor Tersedia,"('22 kW', '120 kW', '120 kW')","(1, 0, 0)",2025-05-15 11:21:45
SPKLU REST AREA 43 MERAK,"Jalan Tol Tangerang Merak KM 43, Kec. Balaraja Kab. Tangerang",Buka 24 Jam,4.39,825.26 km,2/5 Konektor Tersedia,"('7 kW', '30 kW', '30 kW')","(1, 0, 0)",2025-05-15 11:15:42
SPKLU EV LOKA ORANGE GROVES PIK 2,"JL KH Mas Mansyur Salembaran, Kec Kosambi, Kab Tangerang Banten 15214",Buka 24 Jam,3.64,833.31 km,3/4 Konektor Tersedia,"('22 kW', '22 kW', '22 kW', '22 kW')","(0, 1, 1, 1)",2025-05-15 11:22:21
SPKLU PLN ULP TELUK DALAM,"Jl. Jenderal Ahmad Yani No.14, Ps. Tlk. Dalam, Kec. Tlk. Dalam, Kabupaten Nias Selatan, Sumatera Utara 22865",Buka 24 Jam,5.00,447.23 km,1/1 Konektor Tersedia,"('22 kW',)","(1,)",2025-05-15 10:28:13
SPKLU PLN UID RIAU & KEPRI,"Labuh Baru Barat, Payung Sekaki, Kota Pekanbaru, Riau 28292",Buka 24 Jam,4.86,107.53 km,2/3 Konektor Tersedia,"('50 kW', '50 kW', '22 kW')","(1, 0, 1)",2025-05-15 09:53:03
SPKLU CityView Medan,"Jl. Komodor Muda Adi Sucipto, Suka Damai, Kec. Medan Polonia, Kota Medan, Sumatera Utara",Buka 24 Jam,4.26,554.68 km,2/3 Konektor Tersedia,"('50 kW', '50 kW', '22 kW')","(1, 1, 0)",2025-05-15 10:41:10
SPKLU PLN ULP PARIAMAN,"Pd. II, Kec. Pariaman Tengah, Kota Pariaman, Sumatera Barat 25513",Buka 24 Jam,5.00,179.32 km,1/1 Konektor Tersedia,"('22 kW',)","(1,)",2025-05-15 10:07:27
SPKLU Bioskop NSCXMeirobie Belitung,"Jl. Pilang Dukong, Dukong, Kec. Tj. Pandan, Kabupaten Belitung, Kepulauan Bangka Belitung 33417",Buka 24 Jam,0.00,708.99 km,1/1 Konektor Tersedia,"('22 kW',)","(1,)",2025-05-15 10:58:17
SPKLU PLN ULP TAKENGON,"Jl. Lebe Kader No.89, Simpang Empat, Kec. Bebesen, Kabupaten Aceh Tengah, Aceh",Buka 24 Jam,4.00,778.50 km,1/1 Konektor Tersedia,"('25 kW',)","(1,)",2025-05-15 11:03:41
SPKLU Rest Area KM 234 A Bakauheni - Kayu Agung,"Rest Area 234A, Way Serdang, Mesuji, Lampung",Buka 24 Jam,4.97,557.12 km,3/3 Konektor Tersedia,"('22 kW',)","(1,)",2025-05-15 10:42:07
SPKLU PLN UIW Bangka Belitung,"Jalan Soekarno Hatta KM 5 Pangkalpinang, Kepulauan Bangka Belitung",Buka 24 Jam,4.97,527.34 km,3/3 Konektor Tersedia,"('50 kW', '50 kW', '22 kW')","(1, 1, 1)",2025-05-15 10:37:45
SPKLU HOTEL ASTON ANYER,"Jl. Raya Karang Bolong No 139, Karang Suraga, Kec. Cinangka, Kab Serang Banten",Buka 24 Jam,5.00,782.32 km,2/2 Konektor Tersedia,"('22 kW', '22 kW')","(1, 1)",2025-05-15 11:04:11
SPKLU Gallery Marketing Bumi Indah,"Jl. Raya Bumi Indah No.1, Gelam Jaya, Pasar Kemis, Kab. Tangerang",Buka 24 Jam,4.15,832.38 km,2/2 Konektor Tersedia,"('22 kW', '22 kW')","(1, 1)",2025-05-15 11:20:24
SPKLU PELABUHAN MERAK,"Marak, Taman Sari, Pulo Merak, Cilegon, Banten",Buka 24 Jam,4.81,773.55 km,4/5 Konektor Tersedia,"('100 kW', '100 kW', '22 kW', '60 kW', '60 kW')","(1, 0, 1, 1, 1)",2025-05-15 11:02:36
SPKLU Rest Area KM 87 A Tol Bakauheni-Terbanggi Besar,"Rest Area KM 87 A Tol Bakauheni-Terbanggi Besar, Fajar Baru, Kec. Jati Agung, Kabupaten Lampung Selatan, Lampung",Buka 24 Jam,4.94,670.17 km,3/3 Konektor Tersedia,"('22 kW',)","(1,)",2025-05-15 10:52:12
SPKLU ULP TAPAK TUAN,"Desa Jambo Apha, Kecamatan Tapak Tuan, Kabupaten Aceh Selatan, Aceh 23715",Buka 24 Jam,5.00,648.63 km,1/1 Konektor Tersedia,"('22 kW',)","(1,)",2025-05-15 10:50:56
SPKLU PLN ULP SUNGAI PENUH,"Jl. RE Martadinata No.1 Kota Sungai Penuh, Jambi",Buka 24 Jam,3.50,185.25 km,1/1 Konektor Tersedia,"('22 kW',)","(1,)",2025-05-15 10:08:33
SPKLU PLN KANTOR JAGA TEMPILANG,"Desa Tempilang, Kec. Tempilang, Kabupaten Bangka Barat, Kepulauan Bangka Belitung 33365",Buka 24 Jam,0.00,476.55 km,1/1 Konektor Tersedia,"('22 kW',)","(1,)",2025-05-15 10:31:52
SPKLU Green Cleosa Ciledug,"Sudimara Bar., Kota Tangerang, Banten",Buka 24 Jam,3.00,848.38 km,1/1 Konektor Tersedia,"('22 kW',)","(1,)",2025-05-15 11:47:57
SPKLU Express Group Cipondoh,"Jl. MH. Thamrin, Cikokol, Kec. Tangerang, Kota Tangerang, Banten 15117",Buka 24 Jam,4.96,842.91 km,4/4 Konektor Tersedia,"('22 kW', '22 kW', '22 kW', '22 kW')","(1, 1, 1, 1)",2025-05-15 11:35:39
SPKLU Ashta Arcade Blok A,"Jl. Raya Rajeg, Sindang Panon, Sindang Jaya, Kab. Tangerang, Banten",Buka 24 Jam,0.00,829.99 km,1/1 Konektor Tersedia,"('22 kW',)","(1,)",2025-05-15 11:19:18
SPKLU PLN ULP AEK KANOPAN,"Aek Kanopan Tim., Kec. Kualuh Hulu, Kabupaten Labuhanbatu Utara, Sumatera Utara 21273",Buka 24 Jam,5.00,402.23 km,1/1 Konektor Tersedia,"('22 kW',)","(1,)",2025-05-15 10:20:58
SPKLU PLN ULP LIMA PULUH KOTA,"Koto Tuo, Kec. Harau, Kabupaten Lima Puluh Kota, Sumatera Barat 26271",Buka 24 Jam,0.00,121.14 km,1/1 Konektor Tersedia,"('22 kW',)","(1,)",2025-05-15 09:55:26
SPKLU PLN ULP KOBA,"Jl. Listrik No. 001 Koba, Kabupaten Bangka Tengah, Kepulauan Bangka Belitung",Buka 24 Jam,5.00,569.49 km,1/1 Konektor Tersedia,"('22 kW',)","(1,)",2025-05-15 10:47:22
SPKLU HOTEL MERCURE BENGKULU,"Jl. S. Parman No.27, Padang Jati, Kec. Ratu Samban, Kota Bengkulu, Provinsi Bengkulu 38227",Buka 24 Jam,5.00,378.94 km,1/1 Konektor Tersedia,"('22 kW',)","(1,)",2025-05-15 10:19:57
SPKLU Rest Area KM 36 B Bangkinang - Pekanbaru,"Jl. Tol Pekanbaru - Bangkinang KM 36 B, Muara Jalai, Kec. Bangkinang, Kabupaten Kampar, Riau 21184",Buka 24 Jam,1.00,118.21 km,0/3 Konektor Tersedia,"('50 kW', '50 kW', '22 kW')","(0, 0, 0)",2025-05-15 09:54:46
SPKLU PLN KP SEI PAKNING,"Jl. Sungai Selari, Kec. Bukit Batu, Kabupaten Bengkalis, Riau",Buka 24 Jam,5.00,202.84 km,1/1 Konektor Tersedia,"('30 kW',)","(1,)",2025-05-15 10:09:53
SPKLU WARKOP PAPA,"Jl. Hamidah No. 67 Batin Tikal, Kota Pangkal Pinang, Kepulauan Bangka Belitung",Buka 24 Jam,5.00,523.93 km,1/1 Konektor Tersedia,"('22 kW',)","(1,)",2025-05-15 10:36:22
SPKLU (ARISTA POWER) BYD ARISTA PLUIT,"Jalan Pluit Putra IV Kec. Penjaringan, Jakarta Utara",Buka 24 Jam,4.37,846.01 km,2/6 Konektor Tersedia,"('120 kW', '120 kW', '180 kW', '180 kW', '180 kW', '180 kW')","(0, 0, 0, 1, 0, 0)",2025-05-15 11:41:37
SPKLU Fairfield Hotel Belitung,"Jl. Pattimura No.1, Tj. Pendam, Kec. Tj. Pandan, Kabupaten Belitung, Kepulauan Bangka Belitung",Buka 24 Jam,0.00,705.54 km,1/1 Konektor Tersedia,"('22 kW',)","(1,)",2025-05-15 10:57:34
SPKLU Cafe Monocsky,"Jl. Pramuka, Lembah Sari, Kota Pekanbaru, Riau",Buka 24 Jam,5.00,113.89 km,1/1 Konektor Tersedia,"('22 kW',)","(1,)",2025-05-15 09:54:20
SPKLU PLN S2JB Demang,"Jalan Demang Lebar Daun No. 170 Palembang, Sumatera Selatan",Buka 24 Jam,4.74,438.43 km,4/4 Konektor Tersedia,"('30 kW', '22 kW', '60 kW', '60 kW')","(1, 1, 1, 1)",2025-05-15 10:25:12
SPKLU PLN ULP DURI,"Jl. Hangtuah, Air Jamban, Kec. Mandau, Kabupaten Bengkalis, Riau",Buka 24 Jam,4.90,197.07 km,1/1 Konektor Tersedia,"('30 kW',)","(1,)",2025-05-15 10:09:27
SPKLU Rest Area KM 33 B Tol Bakauheni-Terbanggi Besar,"Rest Area KM 33 B Tol Bakauheni-Terbanggi Besar, Suka Tani, Kec. Kalianda, Kabupaten Lampung Selatan, Lampung 35551",Buka 24 Jam,4.00,720.63 km,1/1 Konektor Tersedia,"('22 kW',)","(1,)",2025-05-15 10:59:41
SPKLU LIPPO MALL PARKIR P3 R/39,"Kembangan Sel., Kota Jakarta Barat, Daerah Khusus Ibukota Jakarta",Buka 24 Jam,4.75,847.19 km,0/3 Konektor Tersedia,(),(),2025-05-15 11:44:21
SPKLU PLN ULP TARUTUNG,"Jl. Guru Mangaloksa No.113, Hutauruk, Kec. Tarutung, Kabupaten Tapanuli Utara, Sumatera Utara 22452",Buka 24 Jam,5.00,409.27 km,1/1 Konektor Tersedia,"('22 kW',)","(1,)",2025-05-15 10:21:49
SPKLU PLN ULP TANJUNGPANDAN,"Jl.Sekolah, Kecamatan Tanjungpandan, Kab Belitung Kepulauan Bangka Belitung 33512",Buka 24 Jam,5.00,706.94 km,1/1 Konektor Tersedia,"('22 kW',)","(1,)",2025-05-15 10:58:01
SPKLU HOTEL EMERALD MEDAN,"Jl. KL. Yos Sudarso No.1, Silalas, Kec. Medan Bar., Kota Medan, Sumatera Utara 20235",Buka 24 Jam,5.00,559.09 km,1/1 Konektor Tersedia,"('22 kW',)","(1,)",2025-05-15 10:45:15
SPKLU CBD Ciledug,"JL. HOS COKROAMINOTO KEL. KARANG TENGAH, KOTA TANGERANG",Buka 24 Jam,5.00,848.00 km,2/2 Konektor Tersedia,"('22 kW', '22 kW')","(1, 1)",2025-05-15 11:46:37
SPKLU PLN MK CAR WASH,"Jl. Lintas Utama Sumatera No.km 3, Sungai Rumbai, Kec. Sungai Rumbai, Kabupaten Dharmasraya, Sumatera Barat 27684",Buka 24 Jam,5.00,86.84 km,3/3 Konektor Tersedia,"('50 kW', '50 kW', '22 kW')","(1, 1, 1)",2025-05-15 09:49:22
SPKLU Kantor ULP Talang Padang,"Jl. Raden Intan No.76, Suka Merindu, Kec. Talang Padang, Kabupaten Tanggamus, Lampung 35377",Buka 24 Jam,5.00,644.12 km,1/1 Konektor Tersedia,"('22 kW',)","(1,)",2025-05-15 10:50:19
SPKLU PLN ULP LINTAU,"Nagari Tigojangko, Jl. Sitangkai-Balaitangah No.Km.3, Kec. Lintau Buo Utara, Kabupaten Tanah Datar, Sumatera Barat",Buka 24 Jam,5.00,104.94 km,1/1 Konektor Tersedia,"('22 kW',)","(1,)",2025-05-15 09:52:15
SPKLU RM PAMATANG CARITA,"Jl. Raya Carita, Banjarmasin, Kec. Carita, Kab. Pandeglang, Banten",Buka 24 Jam,5.00,797.38 km,1/1 Konektor Tersedia,"('22 kW',)","(1,)",2025-05-15 11:05:48
SPKLU PLN GRAND MERCURE MEDAN,"Jl. Sutomo No.1, Perintis, Kec. Medan Tim., Kota Medan, Sumatera Utara 20235",Buka 24 Jam,5.00,558.09 km,1/1 Konektor Tersedia,"('22 kW',)","(1,)",2025-05-15 10:44:41
SPKLU POLRESTA TANGERANG,"Jl. H. Abdul Hamid, Kadu Agung, Kec. Tigaraksa, Kabupaten Tangerang, Banten 15720",Buka 24 Jam,4.80,836.04 km,4/4 Konektor Tersedia,"('7 kW', '22 kW', '60 kW', '60 kW')","(1, 1, 1, 1)",2025-05-15 11:25:19
SPKLU PLN ULP RANGKASBITUNG,"Jl. RT Hardiwinangun No.39, Rangkasbitung Banten 42312",Buka 24 Jam,3.58,827.13 km,2/2 Konektor Tersedia,"('7 kW', '7 kW')","(1, 1)",2025-05-15 11:16:41
SPKLU POSKO YANTEK BELILAS,"Jln Lintas Sumatera, Pangkalan Kasai, Kabupaten Indragiri Hulu, Riau",Buka 24 Jam,5.00,78.84 km,1/1 Konektor Tersedia,"('30 kW',)","(1,)",2025-05-15 09:48:53
SPKLU PLN ULP SICINCIN,"Jl. Raya Padang - Bukittinggi Utara PLN No.km.46, Sicincin, Kec. Enam Lingkung, Kabupaten Padang Pariaman, Sumatera Barat",Buka 24 Jam,5.00,160.97 km,1/1 Konektor Tersedia,"('22 kW',)","(1,)",2025-05-15 10:04:49
SPKLU HOTEL MARRIOTT RESORT LAMPUNG,"Jl. Pantai Mutun, Hurun, Kec. Padang Cermin, Kabupaten Pesawaran, Lampung",Buka 24 Jam,1.67,687.81 km,1/2 Konektor Tersedia,"('22 kW', '22 kW')","(1, 0)",2025-05-15 10:56:04
SPKLU BANDARA SMB II PALEMBANG,"Jl. Bandara Sultan Mahmud Badaruddin II, Talang Betutu, Kec. Sukarami, Kota Palembang",Buka 24 Jam,4.52,430.52 km,3/3 Konektor Tersedia,"('50 kW', '50 kW', '22 kW')","(1, 1, 1)",2025-05-15 10:23:55
SPKLU WISMA UPDL SURALAYA,Jl. Suralaya  Salira - Kec. Puloampel - Kabupaten Serang - Banten,Buka 24 Jam,0.00,772.27 km,2/2 Konektor Tersedia,"('22 kW', '22 kW')","(1, 1)",2025-05-15 11:02:20
SPKLU HOTEL BORNEO PONTIANAK,"Jl Merdeka Barat No. 428 Mariana Pontianak Barat, Tengah, Kec. Pontianak Kota, Kota Pontianak, Kalimantan Barat 78244",Buka 24 Jam,0.00,848.49 km,1/1 Konektor Tersedia,"('25 kW',)","(1,)",2025-05-15 11:48:19
SPKLU PLN UP3 BANDENGAN,"Jl. Bandengan Utara Raya No.79, RW.16, Penjaringan, Jakarta Utara",Buka 24 Jam,4.60,847.36 km,3/4 Konektor Tersedia,"('22 kW', '60 kW', '60 kW', '22 kW')","(1, 1, 1, 1)",2025-05-15 11:44:47
SPKLU KORDA ALUE BILIE,"Desa Tuwi Buya, Kec. Darul Makmur, Kabupaten Nagan Raya, Aceh 23662",Buka 24 Jam,0.00,756.43 km,1/1 Konektor Tersedia,"('22 kW',)","(1,)",2025-05-15 11:01:48
SPKLU PLN ULP CURUP,"Jl. Ahmad Yani No.77, Sukaraja, Kec. Curup Timur, Kabupaten Rejang Lebong, Bengkulu 39119",Buka 24 Jam,5.00,348.51 km,1/1 Konektor Tersedia,"('22 kW',)","(1,)",2025-05-15 10:19:01
SPKLU PLN ULP DOLOK SANGGUL,"Jl. Dolok Sanggul - Sidikalang, Lumban Tobing, Kec. Dolok sanggul, Kabupaten Humbang Hasundutan, Sumatera Utara 22457",Buka 24 Jam,5.00,445.41 km,1/1 Konektor Tersedia,"('22 kW',)","(1,)",2025-05-15 10:28:01
SPKLU PLN KANTOR JAGA BADAU,"Jl. Badau, Kec.Badau, Belitung",Buka 24 Jam,5.00,710.26 km,1/1 Konektor Tersedia,"('22 kW',)","(1,)",2025-05-15 10:58:57
SPKLU PLN ULP SINABANG,"Suka Karya, Simeulue Timur, Simeulue Regency, Aceh 24782",Buka 24 Jam,0.00,675.80 km,1/1 Konektor Tersedia,"('22 kW',)","(1,)",2025-05-15 10:53:22
SPKLU PLN ULP SIAK SRI INDRAPURA,"Kp. Dalam, Kec. Siak, Kabupaten Siak, Riau",Buka 24 Jam,5.00,139.74 km,1/1 Konektor Tersedia,"('30 kW',)","(1,)",2025-05-15 10:00:33
SPKLU Adira Sayang Bumiku,"Jl. Raya Serpong KM 7 no.8, Pakulon Kec. Serpong Utara, Kota Tangerang Selatan, Banten 15325",Buka 24 Jam,4.72,846.24 km,3/3 Konektor Tersedia,"('22 kW', '22 kW', '30 kW')","(1, 1, 1)",2025-05-15 11:42:04
SPKLU Rest Area KM 45 Tol Merak - Tangerang,"Rest Area Merak-Jakarta Km. 45, Kp. Cigereng, Koper, Kec. Kresek, Kabupaten Tangerang, Banten 15620",Buka 24 Jam,4.10,823.51 km,0/1 Konektor Tersedia,"('25 kW',)","(0,)",2025-05-15 11:14:51
SPKLU Citra 8 (Danau),"Jl. Citra 7 No.7, RT.7/RW.11, Kalideres, Kec. Kalideres, Kota Jakarta Barat, Daerah Khusus Ibukota Jakarta 11840",Buka 24 Jam,3.71,838.67 km,3/3 Konektor Tersedia,"('22 kW', '22 kW', '22 kW')","(1, 1, 1)",2025-05-15 11:27:14
SPKLU GOLDEN TULIP,"Jl. Teuku Umar No.39, Darat Sekip, Pontianak Kota, Pontianak, West Kalimantan 78117",Buka 24 Jam,4.00,849.08 km,1/1 Konektor Tersedia,"('22 kW',)","(1,)",2025-05-15 11:51:08
SPKLU PLN ULP RIMO,"Jl. Iskandar Muda, Rimo, Kec. Gn Meriah, Kab. Aceh Singkil, Aceh, 24791",Buka 24 Jam,0.00,520.90 km,1/1 Konektor Tersedia,"('22 kW',)","(1,)",2025-05-15 10:34:56
SPKLU PLN ULP MUARA TEBO,"Jl. H. Mansyur Desa Baru Muara Tebo, Kab Muara Tebo, Jambi",Buka 24 Jam,4.00,143.08 km,1/1 Konektor Tersedia,"('22 kW',)","(1,)",2025-05-15 10:00:49
SPKLU PLN ULP KAKAP,"Jl Raya Sungai Kakap, Kec. Sungai Kakap, Kabupaten Kubu Raya, Kalimantan Barat 78381",Buka 24 Jam,0.00,833.20 km,1/1 Konektor Tersedia,"('7 kW',)","(1,)",2025-05-15 11:21:29
SPKLU PLN HOME SMART MEDAN,"Jl. Gatot Subroto No.102, Sei Putih Bar., Kec. Medan Petisah, Kota Medan, Sumatera Utara 20118",Buka 24 Jam,4.75,559.42 km,1/1 Konektor Tersedia,"('25 kW',)","(1,)",2025-05-15 10:45:38
SPKLU EVCITY Apartemen Pantai Mutiara,"Jl. Pantai Mutiara, Pluit, Jkt Utara, Daerah Khusus Ibukota Jakarta",Buka 24 Jam,4.50,843.90 km,5/5 Konektor Tersedia,"('7 kW', '120 kW', '120 kW', '60 kW', '60 kW')","(1, 1, 1, 1, 1)",2025-05-15 11:37:02
SPKLU Rest Area KM 33 A Tol Bakauheni-Terbanggi Besar,"Rest Area KM 33 A Tol Bakauheni-Terbanggi Besar, Suka Tani, Kec. Kalianda, Kabupaten Lampung Selatan, Lampung 35551",Buka 24 Jam,4.40,720.74 km,0/1 Konektor Tersedia,"('22 kW',)","(0,)",2025-05-15 10:59:53
SPKLU SPBU Benteng Betawi,"Jl. Benteng Betawi, Tanah Tinggi, Kec. Tangerang, Kota Tangerang, Banten",Buka 24 Jam,4.40,839.95 km,1/1 Konektor Tersedia,"('22 kW',)","(1,)",2025-05-15 11:28:59
SPKLU SUMUT SPORT CENTRE ASTAKA,"Jl. Williem Iskandar No.9, Kenangan Baru, Kec. Percut Sei Tuan, Kabupaten Deli Serdang, Sumatera Utara 20371",Buka 24 Jam,4.56,557.30 km,1/2 Konektor Tersedia,"('25 kW', '22 kW')","(0, 1)",2025-05-15 10:42:48
SPKLU PLN UP3 BANTEN UTARA,"Jl. P. Diponegoro No. 2 Serang, Banten",Buka 24 Jam,4.60,799.67 km,3/3 Konektor Tersedia,"('22 kW', '22 kW', '7 kW')","(1, 1, 1)",2025-05-15 11:06:40
SPKLU Kantor Kelurahan Sudimara Barat,"Jl Raden Fatah, Sudimara Bar., Kota Tangerang, Banten",Buka 24 Jam,5.00,848.13 km,1/1 Konektor Tersedia,"('22 kW',)","(1,)",2025-05-15 11:46:54
